indicator,factor_1,factor_2,factor_3,factor_4
v2x_polyarchy,0.9102198108855101,0.33681167201150874,0.12231430217810763,0.01020208738827084
v2x_libdem,0.877204101671232,0.43602939431444676,0.020359385834739827,0.002454604914899952
v2x_partipdem,0.8781359063090746,0.4042892138518607,0.05260198615470024,0.09111957159603938
v2x_delibdem,0.8909279320315312,0.39474785583055183,0.035125354518444285,0.017311605589683504
v2x_egaldem,0.8038548146915904,0.5557790548577906,0.06376047185573411,0.028157340982067482
v2x_api,0.9432503430349846,0.1907051075678042,0.24409980798820807,-0.01060903336333574
v2x_mpi,0.8364062425673633,0.4461416638146347,0.010930866776656563,0.027605753066048976
v2x_freexp_altinf,0.98421402019528,0.09314514793945489,0.07388486294913521,-0.007595609661043747
v2x_frassoc_thick,0.9610308464716693,0.06499949266200467,0.14916162010083,-0.02631564557821841
v2x_suffr,0.19471142036461997,-0.022952960832952896,0.4607627039965724,0.048262168997567356
v2xel_frefair,0.7989918112652602,0.45802131544271535,0.14521015701232723,-0.034835494767471914
v2x_elecoff,0.5271050066548397,-0.0037043044763864774,0.5620170151911212,0.03869385548604201
v2x_liberal,0.9083692928317739,0.33499745456267943,0.04819761833998712,-0.05066596205147851
v2xcl_rol,0.886329106566147,0.3269493950015014,0.11432242557208179,0.028278218171088238
v2x_jucon,0.8088872814299948,0.35658589916062683,-0.07584675768805839,-0.1041536236178226
v2xlg_legcon,0.8659638913881914,0.23602234209386636,-0.0365835575533911,-0.04891866217390336
v2x_partip,0.8603821938417242,0.22350186521773602,0.15164510627374486,0.12552027854020323
v2x_cspart,0.931953224388389,0.12869981040961925,0.06333610396412373,0.014101211415354356
v2xdd_dd,0.1685973276897616,0.16247770324299735,0.10759499434024655,0.6951970089203606
v2xel_locelec,0.6818960144076099,0.2415170105594846,0.176708797685089,-0.008958782904884721
v2xel_regelec,0.48976851887416667,0.1703866838310254,0.0196721727909993,0.07430292257982647
v2xdl_delib,0.8962995987416305,0.22470685947613175,0.07799486642103298,-0.02730068236437346
v2x_egal,0.6040624602939352,0.68210894003983,0.19278353526799977,0.02497754489020674
v2xeg_eqprotec,0.5906335343968171,0.5452625942732783,0.17679233336103412,0.04931061558471081
v2xeg_eqaccess,0.6702096046817139,0.4965289756327815,0.16088083147190047,-0.00010684349855445696
v2xeg_eqdr,0.3961529470146563,0.7791038281828695,0.18831819569916908,0.0137285667542269
v2elcomvot,0.03635284578992016,0.06141599121626677,0.034698598760493804,0.1237641409532472
v2elsuffrage,0.19471092843301924,-0.02295349933352664,0.46076264551091023,0.04826190191655988
v2asuffrage,0.3337185376339237,0.14237924118253936,0.7402123911089458,-0.03174761188682998
v2fsuffrage,0.33858678452166746,0.14219553568070112,0.7425652862216994,-0.029341094637813286
v2msuffrage,0.33207473143633376,0.1424373386340871,0.7357785255391165,-0.03251372762371085
v2eldonate,0.6229359421678909,0.17824048856307645,0.12747054060222354,-0.012289032697505673
v2elpubfin,0.38090650270457155,0.39827933251894154,0.24099276875662193,0.015141854223412687
v2elembaut,0.8996667161829646,0.2449915933871172,-0.015316655761450321,-0.023273306951076937
v2elembcap,0.5940840492607775,0.5858843675509275,0.2308000592887872,0.007753432398219684
v2elmulpar,0.8675044647167207,0.02463342673850727,0.03845949985543209,-0.0005925143043711695
v2elrgstry,0.6663212397463303,0.45720829595270684,0.06961311406010001,-0.011407887720257009
v2elvotbuy,0.23997666074636653,0.7613787126575104,-0.16193940360225476,-0.032792395679215554
v2elirreg,0.5358783643639392,0.6266623324556814,-0.18188573343821204,-0.06728713648925527
v2elintim,0.7915599644282206,0.33064634100592205,-0.18746284920447426,-0.008247962476917226
v2elpeace,0.24771649019854006,0.6671503269001263,0.024150574331004565,0.07381111887143879
v2elboycot,0.48732456879619673,0.42520848902325054,0.04709186655120358,-0.015757862795473462
v2elfrcamp,0.6758205701635778,0.10839190042369293,0.09825518572998614,-0.029659699928107595
v2elpdcamp,0.6685584668306515,-0.02659737653865829,0.018640493158388158,-0.010740779771120638
v2elpaidig,0.6234109334349296,-0.08664550038155,0.03340406487560692,-0.023657202954386728
v2elfrfair,0.8472576494980056,0.2785114086706373,-0.1020515902984093,-0.012985799344562947
v2elrstrct,0.07904527725849289,0.12532476699403852,-0.09056973300239562,0.019892735710175653
v2elaccept,0.6729698221530284,0.32571450074532754,-0.13751483135922482,-0.04174746645784132
v2elasmoff,0.34479140074062586,0.28079359600471293,0.2094135464503454,0.04263296698741192
v2elrsthos,0.1482327138508294,0.13269078064610623,-0.11660128147949046,-0.06329286571419247
v2elprescons,0.24027249286330754,-0.16840553239288927,0.271526521297061,0.30893591863537934
v2elprescumul,0.2559333255608808,-0.2812488797285738,0.18340129878590525,0.38666359676286405
v2ellocons,0.48257290299507005,0.40493817819368527,0.08577451899387951,-0.019675688065198493
v2ellocumul,0.5505701374259457,0.3296628379011072,0.08293437346755339,0.0538871382955696
v2elreggov,-0.07292944117438531,-0.076868668348578,0.09128435086801528,0.12029031155677589
v2ellocgov,0.10599161280562616,0.03178599410436873,0.2002971709525803,0.018212509420235563
v2ellocelc,0.5681472606817173,0.14846819978849377,0.24325121799461968,-0.0744754438996192
v2ellocpwr,0.6703765907187168,0.28571069594486015,0.08349798512184219,0.04602350710340365
v2elffelr,0.7822283704267637,0.35034376646911747,-0.10361951590939182,0.0005721791480737537
v2elffelrbin,0.39859175370670874,0.11786966692609105,0.24099642371230906,-0.06275336155033384
v2elsnlsff,0.1468069969729024,0.6628100799321874,0.005724724185448352,0.05528659256647855
v2psbars,0.9198236643279033,0.027380112255461997,0.1863639605885029,-0.03753418249564617
v2psparban,0.8860613317571668,-0.0893677314997714,0.1656826983250006,0.03347229268371843
v2psoppaut,0.9179843184677227,0.08663804782111889,0.07106973869384524,0.0049581556004153066
v2psorgs,0.6093745631589087,0.3839027257141688,0.2941104724702452,-0.07982168826331959
v2psprbrch,0.4757342447049731,0.46937181877338435,0.306929594240233,-0.03358254192094992
v2psprlnks,0.4205682878197603,0.6335737780374529,-0.0018901385713271726,-0.07482680201409402
v2psplats,0.6947916047515912,0.4154815907292958,0.1792516025803204,-0.05920676919666685
v2pscnslnl,0.609565483511048,0.1914831277585359,-0.03789361722441813,0.05871406999154076
v2pscohesv,0.002596960985251917,0.38265700191187085,0.3305735827347534,-0.23888738593616934
v2pscomprg,0.26337307051162684,0.4705954996014625,0.3157962528301508,-0.023584920251462513
v2psnatpar,-0.32481510757206167,-0.13248804311283763,0.1579893963913741,0.07491500271027648
v2pssunpar,0.8123774239143419,0.12119021404662961,-0.08155326645033376,-0.0021526850817785437
v2ddlexci,0.11874313856269264,0.10374718335693436,0.17070762699930575,0.4693202936018163
v2ddthreci,0.16131888434188285,0.19090067095160002,-0.04670386306866639,0.5531554929859913
v2ddlexrf,0.1347361086635377,0.1261835365575505,0.0495703543637499,0.4562930841292828
v2ddthrerf,0.16549664159334204,0.21403037746444165,-0.13430073264503012,0.5467336497881004
v2ddlexor,0.2517344393104327,0.0706252160502173,0.12281731985479345,0.3792119286219
v2ddthreor,0.15903867876809022,0.06004743059396381,0.0490920040336954,0.39357322836227276
v2ddlexpl,0.07477720863808782,-0.032516796829172676,0.4196857187498413,0.2445273211329757
v2ddthrepl,0.019649977529896015,0.001908606635858276,0.25598448537910107,0.28593301820934947
v2ddyrci,0.0738814495056122,0.14663099939394597,-0.1503139150154081,0.401850527900091
v2ddyrrf,0.08255479662964504,0.13141082935711126,-0.13931282220532937,0.3379212388612044
v2ddyror,0.0356651255567281,0.09140137671458573,-0.0778677682087369,0.30629851598574137
v2ddyrpl,0.004919360539747982,-0.010455997764583938,0.015667448485823667,0.11209651147809462
v2ddyrall,0.0780531276403435,0.1473908824442105,-0.14178335849303936,0.4827690336028833
v2exremhsp,0.40956780520146663,0.045736992251404956,-0.012843854780849914,-0.29392387766121547
v2exdfdshs,-0.6451923404763159,-0.03816540942474542,0.013675775441225571,0.06498498456564808
v2exdfcbhs,-0.38570186152207286,-0.36089575116098876,0.08866423588686376,0.34199810343792225
v2exdfvths,-0.5987775963818902,-0.3220021615103078,0.05473304693993403,0.2777753165658635
v2exdfdmhs,-0.4124302545072265,-0.44527104311960397,0.0779813925604103,0.3729060610496963
v2exdfpphs,0.5913334336457351,0.3176386909859158,-0.009286253712516818,-0.44843450095688264
v2exhoshog,-0.10349330939122024,-0.2747163074889483,-0.06799031348036198,0.4136648771411254
v2exagehos,-0.07036651909737761,-0.12680103131255385,0.17363309214137088,-0.3450854415968284
v2ex_elechos,0.15790762560302254,-0.3213005018785893,0.477309113167266,0.39805926769597555
v2exfemhos,0.23918187967602023,0.18972657502076884,-0.06098369490202548,-0.0011643459484535872
v2exfxtmhs,-0.01161343239355235,0.19662253151340003,-0.37145211159929464,-0.14158135079854625
v2expathhs,0.2605867936125469,-0.2585431857682168,0.5218953114847884,0.26656678540073026
v2exdeathos,-0.2743356702279859,-0.006831149390611385,-0.1497712443060367,-0.2053805889891956
v2exdfcbhs_rec,-0.3928717258396681,-0.3762848347103588,0.0999718141888679,0.3248806332057895
v2exfxtmhg,-0.13448886994727383,-0.2788997778423895,-0.11072275918457745,0.4008252010288713
v2ex_hogw,0.3816400545420839,0.40025541424663724,-0.06446834527954663,-0.5031312023107914
v2exrescon,0.7535510406870559,0.4388089174244379,-0.04279349539725069,-0.10906331684852157
v2exbribe,0.4723545955734389,0.7075025881581707,-0.22291393446999558,-0.08488766269475037
v2exembez,0.5568428164831074,0.6806321243732696,-0.20283864263644222,-0.06089803505813352
v2excrptps,0.4531311617392707,0.7144177864689489,-0.25542834986815977,-0.0640292129657178
v2exthftps,0.49717986331206754,0.7167196074626845,-0.2027534656078725,-0.06998459441682409
v2regendtype,0.34310150569325604,0.412429653734263,0.10209212998278544,-0.028463290797076463
v2regint,0.01662378088204563,0.15031823195430816,0.17784119255976516,0.062074785329950366
v2regidnr,-0.02543303491727998,0.27894949415031184,0.11291539415526525,-0.12191940138014937
v2regdur,0.24689490473410447,0.4653682835451892,-0.0024865485482425433,-0.11229988921299143
v2regimpgroup,-0.0420664298523173,0.015595639849189387,-0.15617335539861862,-0.11469712400146201
v2regsupgroupssize,0.5838744491603727,0.4198919888802687,0.17470444336570626,-0.030080960531848756
v2regsuploc,0.19182508419422492,0.23595215078284892,0.15039554454414938,0.03297500887637837
v2regimpoppgroup,-0.11976298806610705,0.24397406337790908,0.0541299299152923,0.02794683564390884
v2regoppgroupssize,-0.24556352854872993,-0.58898717660608,-0.0008114684559126228,-0.029063160565541275
v2regopploc,0.22475780824011032,0.1389213061927593,-0.05283990161436659,-0.060834035177632764
v2regproreg,0.14794208779754323,0.10793676806899816,-0.11331792772676119,-0.1023818235170468
v2regantireg,-0.04718894483509446,0.21872402353530487,0.12701472988790577,0.08607897228606613
v2regpower,-0.03907071574942173,-0.14923405775637627,-0.11268675687918692,-0.08484624858907486
v2lgbicam,0.3405934058002413,0.08899118892460849,0.30666525403197015,-0.028722956838509492
v2lgqstexp,0.7953382009187948,0.1990826353529277,0.01932751005282632,-0.10959159158417851
v2lginvstp,0.8084078859516711,0.2633187480566419,-0.11259222376379999,-0.021792243675568257
v2lgotovst,0.7329863768499423,0.3444348776128855,-0.01961189760355065,-0.10456295727098153
v2lgcrrpt,0.2622795673452638,0.7215715232450268,-0.21578480326919441,-0.0757934321358367
v2lgoppart,0.8967094254933587,0.1321746642236676,-0.013921783055495511,-0.0053008810306120965
v2lgfunds,0.7568514074864517,0.19674505971561998,0.03157352038935168,0.07256648248163111
v2lgdsadlo,0.4323531818937294,0.288470209507701,0.10388359661607276,-0.034342229508292105
v2lgdsadlobin,0.0173542087198787,-0.0071557179013893735,-0.004082404618541351,0.08414152237150024
v2lgtreaty,-0.04590304853347685,-0.13413595529573002,0.18075964649672357,0.29544276363959737
v2lgwarlaw,0.04920636265380336,-0.027308053421969,0.1469777165462826,0.2189853345237745
v2ex_legconhog,0.28931475879767815,0.35168670478523556,0.08810450999695678,-0.42644635688955324
v2ex_legconhos,0.006250069157417559,0.04395041840501997,0.05025997409061356,-0.1557753639176153
v2ex_hosw,-0.38164005454208394,-0.400255414246637,0.06446834527954606,0.5031312023107908
v2lglegplo,0.7227901898075944,0.1638461826793529,0.19719134816560918,-0.03952899947051928
v2lgcomslo,0.745308020808492,0.17262935581645936,0.19840119739236267,0.05567857283081117
v2lgsrvlo,0.04248390161669878,0.21453544927422416,-0.08376599111812809,-0.456905530365618
v2lgstafflo,0.4668361582599454,-0.04285335360859316,0.05348304451502296,0.12802069682537334
v2lgqugen,0.10955570808582847,-0.1552261453384208,0.13679948436493558,0.05210733483659519
v2lgintblo,0.16240782104372845,0.1438499026922096,0.0636990116077086,-0.007012161190865517
v2lgello,0.26619965358739395,0.03807219676130072,0.40942135688947195,0.02977154811496209
v2lgfemleg,0.18014801659403668,0.3306175046836112,0.27970905111975686,0.06374593913244583
v2lginello,-0.13465240094340036,-0.012030888453894432,-0.06250897623943091,-0.009617792426328528
v2dlreason,0.7843825371694817,0.32023096201717566,0.041616764240573076,-0.027262472288229117
v2dlcommon,0.5891624360429596,0.38525741332798774,0.17009698575079862,0.005382903958846448
v2dlcountr,0.8869939359474348,0.11500155287530761,0.024630196452080203,-0.010233924565232342
v2dlconslt,0.8362121972330847,0.265730189780768,0.0051650300495512495,-0.01758484334286156
v2dlengage,0.8825178420867312,0.17997721574291298,0.06491302002581145,0.019936162404888373
v2dlencmps,0.48865693621581613,0.564647415154059,0.0677280832774498,-0.025880964313764666
v2dlunivl,0.26811519121846705,0.5479892069938682,0.26540595185990634,0.028759869875480057
v2jureform,0.5003908332910785,0.0034731821064991897,0.1278428304254259,-0.08162160666074876
v2jupurge,0.7029627001226688,0.3319457814908798,-0.02417430089037678,-0.10815537555407809
v2jupoatck,0.24096573536864507,0.49141662390000496,-0.017879222650600345,-0.048774307657446135
v2jupack,0.5856040335731586,0.3494082934089573,-0.04191159676044396,0.13736634262176897
v2juaccnt,0.4570906715916717,0.5003297290842617,-0.11555916327353348,-0.05191165486566528
v2jucorrdc,0.43147740036843274,0.7048506859657702,-0.22816021623620192,-0.12088084126018185
v2juhcind,0.7697160705994026,0.30824155879838044,-0.12168912416040024,-0.05729637565248351
v2juncind,0.7598661184992584,0.2865067886672329,-0.12830573103447027,-0.049412799642609556
v2juhccomp,0.7471585969640927,0.3306557750612141,-0.08955255217710542,-0.07019472559500853
v2jucomp,0.7528584920439598,0.3914286714698885,-0.12637747605361557,-0.07703358999763894
v2jureview,0.6806493428662442,-0.144668565254585,0.15622869509514703,0.07252289001754421
v2cltort,0.8204259628402395,0.4064907041400281,0.0418113311410014,-0.04120612073296584
v2clkill,0.7533570617709626,0.4410833498210508,0.1089938149856948,0.02112737802483481
v2clslavem,0.7093676402339768,0.25731247504441224,0.15726847619092843,0.11809657276720181
v2clslavef,0.6731915551910754,0.2783010371347611,0.14057088488906652,0.1504833506277158
v2cltrnslw,0.7812066932397077,0.4666416619466994,-0.010246842349060066,-0.006650347565022504
v2clrspct,0.6739678933911945,0.5833897434595212,-0.047433517292111,-0.004972318020890945
v2clacjstm,0.7940500984839892,0.44640430623274285,-0.0038531473591395422,0.010778861082173562
v2clacjstw,0.7866166008944115,0.4694403870952002,0.050056614219595244,0.030316536603944195
v2clacjust,0.5585388683113132,0.5793356303704534,0.13602498620884398,0.03843340811123531
v2clsocgrp,0.5953532164188474,0.42132754446884557,0.18214744514832704,0.06858029641023626
v2clrgunev,0.3082449563606088,0.6534879337775532,0.040579091948071466,0.008325100371356316
v2clsnlpct,-0.4971647238388157,-0.503355250608829,-0.07582361367201992,-0.0841584352693475
v2cldiscm,0.9185031252201373,0.22073963271133376,0.10587117834071622,0.04619400872456368
v2cldiscw,0.9050239025131374,0.23916128339391227,0.12453905744868568,0.05777300895093728
v2clacfree,0.9085117298802545,0.15678592937418753,0.0156580173272869,0.06568289325716312
v2clrelig,0.7992876021143106,0.04788637353710884,-0.02702644506673417,0.08081962883979577
v2clfmove,0.9099121938871999,0.10459792080215796,0.07278054988492547,0.04320993177431272
v2cldmovem,0.7853537310843742,0.054136574379192615,0.13726926372492268,0.09885201785146892
v2cldmovew,0.7561586580637032,0.17796733703731132,0.20201067222881314,0.14714260730305018
v2clstown,0.7966540709105676,-0.1818705140476835,-0.09087724213614722,0.08898575467533679
v2clprptym,0.8064063260253019,0.06864741232771937,0.044272318679569794,0.136139130382117
v2clprptyw,0.772085200030577,0.26209689570838024,0.15980782972073065,0.09512613344409285
v2svdomaut,0.344964126775249,0.2496564151222756,0.22250341410026483,0.14977172911336922
v2svinlaut,0.39971667523736965,0.2257240833361688,0.239252966506664,0.10162123015958749
v2svstterr,0.13799843577428184,0.5280729169602172,0.2371819030547277,0.03776291628582071
v2stfisccap,0.6040077288882011,0.4377460335138873,0.044641745040200236,0.07365009909744616
v2strenadm,0.2594377838125028,0.3891826304857022,0.19007739992207934,-0.14972056871599143
v2stcritrecadm,0.5856575967757351,0.4176834284635518,-0.10907062271480214,-0.09161940295120313
v2svindep,0.07276891935057092,0.036804609513010934,0.15263623879452864,0.126036736056935
v2strenarm,0.11548657216489848,-0.03816729182029266,0.010633294303372391,-0.13911095648733474
v2stcritapparm,0.6007957521890978,0.49114006085075257,-0.030986634354866517,-0.0959051842451453
v2cseeorgs,0.9306928590623136,0.04045165532676709,0.04399846231085344,0.010602297498008777
v2csreprss,0.9161292872111851,0.20206028502646167,0.04813610057308771,0.007070934965268651
v2cscnsult,0.8615079309331442,0.21250592041330013,-0.01430460505487469,0.02810715153384114
v2csprtcpt,0.8889272752697303,0.006021008707729647,-0.006324766896095908,-0.005243508441649024
v2csgender,0.7012627550614147,0.3050037330419916,0.26972480691738987,0.1211287043892463
v2csantimv,-0.23961302934900566,-0.5457940498219014,-0.14758832279749884,-0.05688581784120865
v2csrlgrep,0.8680415812590705,0.03700848573467219,-0.04822528805403381,0.036180730730877096
v2csrlgcon,0.609264127541505,-0.15117638406519815,-0.13506287310235698,-0.11671921318158283
v2mecenefm,0.9217227138751526,0.2132710348535198,-0.01110696066143398,0.002621834635573972
v2mecrit,0.9600427845188814,0.041599881970528385,-0.0058673554737398576,-0.04089322900933082
v2merange,0.950208174757793,0.00461743026220357,0.03174862265361924,-0.009238953499131487
v2mefemjrn,0.42606985412744514,0.2394733552356103,0.40498806166559254,0.15749253303416888
v2meharjrn,0.8931141864275085,0.2852971426704455,0.017096356505324605,0.04350910861964783
v2meslfcen,0.9371218043167056,0.06043726996002052,0.013061502189050049,0.0234328324009217
v2mebias,0.9594505360465448,0.012058173450649967,0.024627545855660925,-0.0017915723170419326
v2mecorrpt,0.883553664650629,0.22815996542771674,-0.08868306221460466,-0.019547026361293955
v2pepwrses,0.45280811605775584,0.5171464306813509,0.08978466246817948,-0.08181442669560615
v2pepwrsoc,0.6524058272626867,0.40585315470629846,0.075555172135084,0.05753471022082403
v2pepwrgen,0.6021706136931667,0.4026568833287278,0.25982630825897535,0.017032916851388552
v2pepwrort,0.5816112168243761,0.4380833145730104,-0.003234528782617749,0.028786323773299996
v2peedueq,0.33672449073257593,0.7784274100208801,0.18359849594000416,0.060418110279415106
v2pehealth,0.4329796593239651,0.7608486369238199,0.1368482496181458,0.009471995559217447
v2peapsecon,0.427324093309973,0.7595429084332678,0.1297409019607546,0.05434200914094178
v2peasjsoecon,0.4686018219121646,0.6820760624047035,0.15918051673534722,0.09912860713343698
v2peasbecon,0.47046940068102205,0.6862644680600405,0.12658250554912368,0.06919808004947216
v2clgencl,0.5404209780385858,0.46822979187794045,0.3849965058923602,0.13187844668230714
v2peapsgen,0.4753771242252208,0.6792317768054932,0.19577389610459028,0.09305131444522217
v2peasjgen,0.5288902724745201,0.5638561447333067,0.26725688452472557,0.11636858286684748
v2peasbgen,0.49277780819435224,0.6291371199853772,0.20693846602402421,0.11566206519677052
v2pepwrgeo,0.5150510104055943,0.45736489396641666,-0.01900387159694656,-0.09909068994629368
v2clgeocl,0.5230952780369453,0.5944764595956802,0.18799851808272205,0.044409739788188365
v2peapsgeo,0.4715718073127416,0.7294148062313477,0.16678858357017973,0.07376476889084807
v2peasjgeo,0.47654098430631503,0.5700870285042173,0.17323333671176167,0.07607799269961324
v2peasbegeo,0.493396005338259,0.6710493118867431,0.11257895367800605,0.04194874107546498
v2clpolcl,0.8510705633797333,0.2469959511152497,0.005245998286340561,0.052165010186539656
v2peapspol,0.6587524296928573,0.4665957617744619,0.07933853092080376,0.1813132825146834
v2peasjpol,0.7060783814839079,0.46038938421752024,0.03150311396847631,0.08335138389164264
v2peasbepol,0.6550356349804458,0.5645178490377376,0.004197059564946259,0.052613688166942965
v2peapssoc,0.49934941392343857,0.7013783311349528,0.16038804674399793,0.08218702337242392
v2peasjsoc,0.5995966054617422,0.5189735849791295,0.16980264131427897,0.1517306871459283
v2peasbsoc,0.6213960704303174,0.5643536913121157,0.10268377347743388,0.13574745487766804
v2exl_legitideol,-0.6949710623770218,-0.012521014161581245,0.14111104188678542,-0.15798986902402037
v2exl_legitlead,-0.6652303495133355,-0.24630845747542274,0.15393129030373193,0.044680738811479645
v2exl_legitperf,0.2081428551238746,0.2829571130280857,0.32101963646736037,0.10796390291810758
v2exl_legitratio,0.5989733475150215,0.21745958574279012,0.20349902939460116,0.09946398112023311
v2cacamps,-0.4075008413742634,-0.39898055789403863,0.03871003347441414,-0.0881553568904467
v2caviol,-0.1866604586923211,-0.607964289229348,-0.1399808690991603,-0.10321118240164812
v2caassemb,0.9188944588123322,0.2073841615393592,0.029669110723893454,-0.005292021789637412
v2cagenmob,0.21569468721161694,-0.3203128980080081,0.1382098829656817,0.019309505472335755
v2caconmob,-0.21413371747945936,0.03446138193188773,-0.16372068388839608,-0.014899811207066026
v2cademmob,0.24387509056970336,-0.5091814861411826,0.1260598262646183,0.003428641105330456
v2caautmob,-0.6684913935872147,-0.24772412369604252,0.1352821565371996,0.02670238484793557
v2castate,-0.6243644119006542,-0.21325436577398624,0.27800213841462584,-0.06612509594006458
v2catrauni,0.7152512564547109,0.05269780395327614,-0.0209225864553238,-0.08614031343527573
v2capolit,0.7392888293839275,-0.029974837062303084,0.03783614311020015,0.005099557375186501
v2canonpol,0.5988535167796978,0.07172724648670428,-0.05191467418720684,0.06414409394879106
v2cauni,0.18359381668361097,-0.0067258355521736535,0.15635587769580533,-0.01861027650671907
v2caprotac,-0.12334073893767028,-0.08915521729549616,-0.34145104525706016,0.06145773388340149
v2cafres,0.9114990425577562,0.11686563106029232,0.034144196519540516,0.025227732712897348
v2cafexch,0.9031469630650147,0.11602875301810495,0.015048120602608583,0.04769100760132562
v2cainsaut,0.872443760971647,0.048631884893391986,-0.005884156544166012,0.009427026124229389
v2casurv,0.8698191811543468,0.26175343868952394,0.028912151661713854,0.0035329907999552893
v2cacritic,0.8726874073452848,-0.009237421260378798,0.04152391949917587,0.03867218181592975
v2caacadfree,0.38860353610857773,0.04453636945514472,0.4380907274685535,0.11456803695962692
v2x_regime,0.8447958645679321,0.33475951106372,0.14434848333496203,0.013913936391524225
v2x_regime_amb,0.8578619747231901,0.34442924933698815,0.1481012448030387,0.013056917813971329
v2x_accountability,0.9775105442373313,0.22462830787596172,0.07395345536463614,-0.023981083624593343
v2x_veracc,0.862673873462311,0.2788567867079506,0.2853451849121593,-0.044116611214806215
v2x_diagacc,0.9906829060961383,0.13552821465887843,0.04902988204203343,0.016487754270308283
v2x_horacc,0.8611767915239366,0.32990595637389386,-0.026435334333261652,-0.0874695554653494
v2x_ex_hereditary,-0.2013898111029016,0.025907976641901836,-0.2643724425278437,-0.043039578713463846
v2x_ex_military,-0.32403457502671296,-0.42281019145014,-0.3655044269621482,0.15128656362128393
v2x_ex_party,-0.4477524342891157,0.31590226147336326,0.19741525210158006,-0.31615556183070614
v2x_ex_direlect,0.007138120229333661,-0.4220493081233353,0.4235336620133391,0.41592352466220833
v2x_ex_confidence,0.587063754306136,0.29937320940223244,-0.03088137089702457,-0.3789379493361804
v2xnp_regcorr,-0.4609427121154507,-0.7271914731473672,0.21599916168151143,0.10776705801506836
v2x_neopat,-0.7832685301562501,-0.5214787514713761,0.09447693755533734,0.08962732796269127
v2xnp_pres,-0.8663316863966105,-0.33139887050314365,0.019097668353049102,0.09261461114389638
v2xnp_client,-0.4134915617042808,-0.7552667649798344,0.012318992273669394,0.06980542174916651
v2x_civlib,0.9423833650857806,0.22776911465277833,0.12649905525536065,0.01934745466945488
v2x_clpriv,0.9081019399464396,0.13923386345825056,0.15187279979643922,0.09369908011390696
v2x_clpol,0.9789479684862171,0.10821850587007054,0.11214301642651564,-0.004772050758385898
v2x_clphy,0.7944751323384791,0.38884846166053555,0.10492917459076243,-0.023889233903851923
v2xpe_exlsocgr,-0.6580064998475855,-0.576509962352296,-0.17745640868883128,-0.11605582363775296
v2xpe_exlgender,-0.5718570134126456,-0.6030824109563688,-0.3128597678021229,-0.11146197308395248
v2xpe_exlecon,-0.5165204702810186,-0.7405836356040102,-0.1795611302794738,-0.050081727839125435
v2xpe_exlpol,-0.7652025837271376,-0.44691216549386914,-0.0607855293441081,-0.07614974818568972
v2xpe_exlgeo,-0.5311626762918822,-0.6980882560253908,-0.18027247724377204,-0.04648569330631984
v2x_corr,-0.42904391829551247,-0.752141084563924,0.23718291743539283,0.10754444050327791
v2x_pubcorr,-0.4583552315531982,-0.7014487187831198,0.22881101994570077,0.06707498015690913
v2x_execorr,-0.49080507954029845,-0.6951294945545001,0.21112006151826526,0.09433079177780104
v2x_gender,0.7825813651222454,0.3852347233909834,0.3466129783896853,0.10234839451519986
v2x_gencl,0.8310438665183769,0.31779185312708813,0.19477694521771455,0.10661650798483441
v2x_gencs,0.7747300521819077,0.3043765280329921,0.298812418343182,0.11962119754792787
v2x_genpp,0.4826594911036831,0.3970268000248116,0.43810881872379315,0.04690037791942847
v2x_rule,0.7219370164297036,0.5769605674625022,-0.12127698749876861,-0.08520339971206033
v2xcl_acjst,0.7969134628580564,0.40284744881712564,0.07057732709394632,0.004809041142999579
v2xcl_prpty,0.8030067717063399,0.17480639921143046,0.14274157707071145,0.11937950086022851
v2xdd_i_ci,0.15305316003299138,0.2054033528103506,-0.05760908812464008,0.5630588821731248
v2xdd_i_rf,0.1656526134599788,0.20771470845347123,-0.1325782037753472,0.5462723237280772
v2xdd_i_or,0.1666477667594256,0.10926730474351294,0.03401340528988611,0.42425132638195256
v2xdd_i_pl,-0.0014328896067505106,-0.02708375611433518,0.2731758885208413,0.2930209085635615
v2xdd_cic,0.1810815775776341,0.2352053087596255,-0.10599123085566428,0.6322121937189116
v2xdd_toc,0.09126084009654317,0.03903020045791218,0.23617653284226006,0.4682269700236691
v2xcs_ccsi,0.9553077032292439,0.07743273387000382,0.0725377038397541,-0.015982515901427637
v2x_elecreg,0.31966279630394345,0.10227613293552879,0.6939590515697034,-0.05940945345931237
v2xex_elecreg,0.13194595670584242,-0.3758894065694189,0.48503674015782294,0.4070348885407993
v2xlg_elecreg,0.3115094446645683,0.11986322564470636,0.6906428105636653,-0.07039761342851825
v2x_EDcomp_thick,0.8820805546428439,0.32007365768680374,0.20636141547198894,0.00904103669416477
v2x_freexp,0.9646627908204833,0.15728020742018148,0.09029186289473373,0.011617470494897086
v2xme_altinf,0.9702918048258744,0.022166468877803325,0.05039576359360831,-0.031236917450622622
v2xcl_dmove,0.7973696392479781,0.1412648327729114,0.21946746572089543,0.11566806393979576
v2xcl_slave,0.693571729884805,0.25483587942287,0.1862667347516527,0.1327322107150253
v2xcl_disc,0.9200961102054208,0.1847512949979478,0.15232610050350598,0.027303126899361093
v2xel_elecparl,0.10422983728061411,0.037748077891526996,0.1227703253122632,-0.00037334503648991935
v2xlg_leginter,-0.052272043863680215,-0.09922958935249747,-0.14366939362937275,0.0027628795688049573
v2xel_elecpres,0.05952495613865005,-0.14076947211188745,0.16635432200636693,0.15689490948528223
v2x_hosinter,-0.028278030000860578,-0.07596229600883767,-0.10601885235573046,0.026399869565487254
v2x_hosabort,-0.004898696274870705,-0.045561100025217814,-0.02425708856815408,0.007085975954838258
v2x_legabort,-0.006110290368533448,-0.031354507409677906,-0.025195443776193784,-0.00037594515864846495
v2xex_elecleg,0.34726460332342846,0.13534480853251069,0.6827485986418583,-0.06248300560950984
v2xps_party,0.5326012951768557,0.5687640415538923,0.24343572084747733,-0.1093386523375644
v2x_divparctrl,0.17206385165058666,-0.11134768794288284,-0.13738860890727123,-0.03295661568739941
v2x_feduni,0.6571226344543681,0.2538782458519664,0.12954009445436532,0.028597589086807672
v2xca_academ,0.9281365347448917,0.13866893543782668,0.055018034119855494,0.030132112268000756
v2x_electoral_integrity,0.9762972377189962,0.1656373421581088,0.10918642572037623,-0.025244316024402372
v2x_polyarchy_stock,0.6667654347824588,0.4897434877176024,-0.048126698126901554,0.07400044131722987
v2x_libdem_stock,0.6466702310359661,0.5343306887213624,-0.10681274737842099,0.04309240749267982
v2x_partipdem_stock,0.635817288353539,0.5192426256812048,-0.08248759889818558,0.1057971540969023
v2x_delibdem_stock,0.648004111221458,0.5103269539211466,-0.06611615008759421,0.06245566841306459
v2x_egaldem_stock,0.5962162370731013,0.6000470265628672,0.007409338331823487,0.07600865589950692
v2xed_ed_inpt,-0.5577703230813653,-0.13873287554058622,0.3139169396612986,-0.10156607617451278
v2xed_ed_inco,-0.7207984882016186,-0.16999409894139772,0.285515614658336,-0.0932597779953201
v2xed_ed_cent,-0.45926325352237535,-0.17365358810093312,0.35177859719167714,-0.12091598951722919
v2xed_ed_ptcon,-0.5349844010781143,-0.2161143458861104,0.2506660540636467,-0.02588415613958668
v2xedvd_inpt,-0.7394010227252316,-0.16125445946987954,0.2762845775259056,-0.08044070974371637
v2xedvd_me_inco,-0.9684763478441116,-0.11427432284200728,-0.03417866888989287,0.011248351670703635
v2xedvd_me_cent,-0.9610299526116369,-0.1272275572926499,-0.014735851033261325,0.0267598087238975
v2edcentcurrlm,-0.31695736111370776,-0.08592009085911838,0.33083563838152685,-0.18011210765279717
v2edcenttxbooks,-0.4950269788700252,-0.24375883199030285,0.30447743307941144,-0.1280081808443176
