model,param,est,se,note
SEM,lambda,0.0203,,clustering in unobservables only
SDEM,theta_W.y_lag,0.0028,0.0062,neighbours' exogenous covariate
SDEM,theta_W.gdp_pc,0.0009,0.0039,neighbours' exogenous covariate
SDEM,theta_W.urbanization,-0.0003,0.0051,neighbours' exogenous covariate
SDEM,theta_W.trade_openness,-0.0053,0.0042,neighbours' exogenous covariate
SDEM,lambda,0.0206,,error clustering left after lagged covariates
SAR,rho,-0.0265,0.3513,"spatial 2SLS, first-stage F 9.9"
SAC,lambda,0.0487,,error clustering left after the autoregressive term
SDEM vs SEM,joint F on lagged covariates,0.95,,large means neighbours' covariates matter beyond error clustering
