sample,n,y0,y1,param,value
full panel,5647,1972,2024,SEM,"{'lambda': 0.054110578693501006, 'beta_ylag': np.float64(-0.015478217078456653), 'se_ylag': np.float64(0.0032453657935662484)}"
full panel,5647,1972,2024,SDEM,"{'lambda': 0.052663775136279095, 'theta': array([ 0.00505263,  0.00045782, -0.00079787, -0.00683565]), 'se_theta': array([0.00575288, 0.00370173, 0.00467179, 0.00387527]), 'beta': array([-0.02375102, -0.01668713,  0.00167922,  0.00278933, -0.00208743,
       -0.00783274,  0.03585563,  0.0353527 ,  0.02041141,  0.02078971,
        0.03007531,  0.04821925,  0.05294946,  0.00792349,  0.02034978,
        0.03804069,  0.04318922,  0.05537148,  0.05549788,  0.04309751,
        0.04592028,  0.04134432,  0.2165019 ,  0.11805987,  0.09643968,
        0.05547879,  0.04174928,  0.03717208,  0.0417248 ,  0.03105757,
        0.04077571,  0.03769204,  0.05806779,  0.03112992,  0.03578957,
        0.04127773,  0.03414578,  0.03391415,  0.03126752,  0.02865854,
        0.03370749,  0.03151267,  0.04280254,  0.04347395,  0.02739267,
       -0.00177775,  0.01569681,  0.01872161,  0.01032335,  0.02641395,
        0.02474925,  0.03503126,  0.00270798,  0.00312026,  0.00782772,
        0.00305262,  0.00160028]), 'V': array([[ 8.45176108e-05,  2.00435715e-06, -1.49035930e-06, ...,
        -3.94294421e-06,  1.33008028e-06,  1.07312412e-05],
       [ 2.00435715e-06,  1.32098200e-05, -3.26187487e-07, ...,
         3.29564050e-06, -3.15254133e-06, -1.21864728e-06],
       [-1.49035930e-06, -3.26187487e-07,  3.96019250e-06, ...,
        -1.83411592e-06,  1.03087964e-06,  1.47040857e-07],
       ...,
       [-3.94294421e-06,  3.29564050e-06, -1.83411592e-06, ...,
         1.37027701e-05, -1.16586174e-06, -8.48390331e-06],
       [ 1.33008028e-06, -3.15254133e-06,  1.03087964e-06, ...,
        -1.16586174e-06,  2.18255769e-05,  1.38017403e-06],
       [ 1.07312412e-05, -1.21864728e-06,  1.47040857e-07, ...,
        -8.48390331e-06,  1.38017403e-06,  1.50176981e-05]],
      shape=(61, 61)), 'k0': 57}"
full panel,5647,1972,2024,best_iv,"{'F_kp': 2.0355165284193775, 'F_lee': 78.94525815626154, 'rf_R2': np.float64(0.0641718446891506)}"
full panel,5647,1972,2024,SAR,"{'rho': -0.03321919253585513, 'se_rho': 0.3255542365339038, 'F': 2.0355165284193775}"
full panel,5647,1972,2024,SAR_lee,"{'rho': 0.3325979495928804, 'se_rho': 0.21769410986386376, 'F': 78.94525815626154}"
full panel,5647,1972,2024,SAC,"{'rho': -0.07844058737020485, 'se_rho': 0.31441333375284325, 'lambda': 0.0861434279363076}"
full panel,5647,1972,2024,SAR_lee_ci,"{'lo': 0.1533, 'hi': 0.574, 'n_boot': 226}"
pre-2005,3323,1972,2005,SEM,"{'lambda': 0.06498070392208012, 'beta_ylag': np.float64(-0.02070772766154573), 'se_ylag': np.float64(0.004892727904133725)}"
pre-2005,3323,1972,2005,SDEM,"{'lambda': 0.06254097550770756, 'theta': array([ 0.00750831, -0.00143546,  0.00392146, -0.00980246]), 'se_theta': array([0.00892688, 0.00542932, 0.00706227, 0.00627755]), 'beta': array([-0.0265819 , -0.02270532, -0.00148738,  0.00372966, -0.00453844,
       -0.00814816,  0.03600258,  0.0370173 ,  0.02161268,  0.02181735,
        0.03121275,  0.04931119,  0.05502053,  0.01000691,  0.02193791,
        0.03896836,  0.04374403,  0.05630355,  0.05661473,  0.04373056,
        0.04673729,  0.04251722,  0.2180182 ,  0.12008169,  0.09795635,
        0.05864438,  0.04452045,  0.04036014,  0.04496096,  0.03438313,
        0.04446091,  0.04149878,  0.06201904,  0.03595126,  0.04051214,
        0.04605038,  0.03896924,  0.03940894]), 'V': array([[ 9.55762939e-05,  5.49647267e-06, -2.34293451e-07, ...,
        -1.09765796e-05,  3.23939721e-06,  2.41218969e-05],
       [ 5.49647267e-06,  2.71824453e-05, -1.43405239e-06, ...,
         2.96485522e-06, -5.84173038e-06,  4.34629346e-07],
       [-2.34293451e-07, -1.43405239e-06,  8.32462897e-06, ...,
        -3.52081322e-06,  2.00125289e-06,  1.48746486e-06],
       ...,
       [-1.09765796e-05,  2.96485522e-06, -3.52081322e-06, ...,
         2.94774688e-05,  3.17249324e-06, -1.82413565e-05],
       [ 3.23939721e-06, -5.84173038e-06,  2.00125289e-06, ...,
         3.17249324e-06,  4.98756916e-05,  4.91414614e-06],
       [ 2.41218969e-05,  4.34629346e-07,  1.48746486e-06, ...,
        -1.82413565e-05,  4.91414614e-06,  3.94076584e-05]],
      shape=(42, 42)), 'k0': 38}"
pre-2005,3323,1972,2005,best_iv,"{'F_kp': 3.229747471418128, 'F_lee': 59.221839816150776, 'rf_R2': np.float64(0.07996687844694128)}"
pre-2005,3323,1972,2005,SAR,"{'rho': 0.08471118565179997, 'se_rho': 0.2999732178101716, 'F': 3.229747471418128}"
pre-2005,3323,1972,2005,SAR_lee,"{'rho': 0.2433850872702656, 'se_rho': 0.20368691093745753, 'F': 59.221839816150776}"
pre-2005,3323,1972,2005,SAC,"{'rho': 0.09438067428936522, 'se_rho': 0.3016109953553795, 'lambda': -0.018149255629468664}"
pre-2005,3323,1972,2005,SAR_lee_ci,"{'lo': -0.0078, 'hi': 0.475, 'n_boot': 225}"
post-2005,2324,2006,2024,SEM,"{'lambda': -0.01304528837299349, 'beta_ylag': np.float64(-0.005880542652449092), 'se_ylag': np.float64(0.002936091969508297)}"
post-2005,2324,2006,2024,SDEM,"{'lambda': -0.014389534138164886, 'theta': array([ 0.00270762,  0.00019082, -0.00612498, -0.00213154]), 'se_theta': array([0.00677727, 0.00409202, 0.00413341, 0.00335685]), 'beta': array([ 0.00436111, -0.00617496,  0.00334965,  0.00372275,  0.00085531,
       -0.00288659,  0.00195243, -0.00041121,  0.01215163,  0.0123721 ,
       -0.00487273, -0.03380066, -0.01638771, -0.01250565, -0.02114384,
       -0.00466143, -0.00639264,  0.00379309, -0.02838232, -0.02701716,
       -0.0236184 , -0.02918143, -0.03025542]), 'V': array([[ 2.81027630e-05,  1.53556104e-06, -1.73715583e-06,
        -1.32429067e-06,  1.34039330e-06, -1.59529093e-05,
        -3.41325105e-05, -2.46446263e-05, -2.57243319e-05,
        -2.84488819e-05, -2.66915473e-05, -2.31387709e-05,
         2.16597352e-06, -2.20509040e-05, -2.48414096e-05,
        -3.49649524e-05, -2.81169858e-05, -3.22416569e-05,
        -2.62482074e-05, -2.38532042e-05, -3.11862788e-05,
        -3.81448306e-05, -3.35127007e-05, -6.70934201e-06,
         4.56544305e-06,  9.02597592e-07, -2.00630536e-06],
       [ 1.53556104e-06,  1.47767777e-05,  1.65434240e-06,
        -5.97793176e-06,  1.16402841e-06, -7.84408371e-06,
        -7.23464511e-06, -1.80108905e-06, -1.90027832e-06,
        -2.69912712e-05, -6.84183158e-06, -2.04146202e-06,
         5.53755694e-06, -4.57682936e-07, -3.89615532e-06,
        -1.52195326e-05, -1.11895118e-05, -7.31513433e-06,
        -5.57201806e-06,  2.05319567e-06, -1.28139400e-06,
        -3.68796356e-06, -2.93159715e-06, -1.62622403e-05,
         4.32256219e-06, -9.93517001e-07, -1.75109638e-06],
       [-1.73715583e-06,  1.65434240e-06,  4.55903731e-06,
        -3.59660688e-06, -1.78443365e-06, -1.64860478e-07,
         2.19541714e-06,  1.95574501e-06, -1.50616917e-06,
        -4.28252662e-06,  1.29291646e-06,  3.01589201e-08,
        -9.01183411e-08,  2.15538860e-06,  1.95412860e-06,
         7.19650375e-07, -1.75642326e-06,  1.80585945e-06,
         9.45001859e-08,  2.33525766e-06,  2.76461550e-07,
         2.21137496e-06,  6.88818503e-07, -4.37533163e-06,
        -2.05929049e-06,  1.12238994e-06,  4.57063769e-07],
       [-1.32429067e-06, -5.97793176e-06, -3.59660688e-06,
         1.46496870e-05,  1.96246051e-08,  5.95516304e-07,
         2.18708787e-06, -1.45933055e-07,  1.27249235e-06,
         1.55656684e-05,  2.03874039e-06, -2.21327491e-06,
        -1.38958811e-06, -1.50298421e-06,  1.74571323e-06,
         1.27464077e-05,  1.47447906e-06, -2.42021855e-06,
         1.76483083e-06, -2.16288268e-05, -7.67384288e-06,
        -1.85635111e-06,  3.74896035e-07,  1.12581728e-05,
        -1.57928236e-06, -1.00126499e-05,  1.90490339e-06],
       [ 1.34039330e-06,  1.16402841e-06, -1.78443365e-06,
         1.96246051e-08,  4.31987004e-06, -1.61304860e-06,
        -2.11890828e-06, -1.91675251e-06,  2.12158807e-06,
         4.83500642e-06, -1.37798100e-06, -2.50872164e-06,
        -1.33480534e-07, -2.39133106e-06, -3.47308142e-06,
        -6.46565085e-06,  2.60918308e-07, -1.04297203e-06,
         1.20277580e-06, -2.96624439e-06, -3.32757311e-06,
        -4.23782193e-06, -3.25884735e-06,  1.53062060e-06,
        -8.85949185e-08, -1.13349040e-07, -3.90288477e-07],
       [-1.59529093e-05, -7.84408371e-06, -1.64860478e-07,
         5.95516304e-07, -1.61304860e-06,  3.06384022e-05,
         2.61721033e-05,  1.27531630e-05,  1.43802516e-05,
         1.99683706e-05,  1.62663435e-05,  1.60279085e-05,
        -2.01636922e-07,  1.44600215e-05,  1.81713193e-05,
         2.23698519e-05,  2.36463392e-05,  2.13968173e-05,
         1.58752310e-05,  2.44166744e-05,  2.55542051e-05,
         2.54283499e-05,  1.99593052e-05,  1.23342766e-05,
        -3.64506265e-06,  1.70110520e-07,  1.73271432e-06],
       [-3.41325105e-05, -7.23464511e-06,  2.19541714e-06,
         2.18708787e-06, -2.11890828e-06,  2.61721033e-05,
         7.47440092e-05,  3.63384932e-05,  3.20804486e-05,
         4.19160570e-05,  3.57289370e-05,  2.58949805e-05,
        -1.41043350e-05,  2.73665002e-05,  3.36924303e-05,
         2.92566326e-05,  3.32486278e-05,  4.59408807e-05,
         3.57623184e-05,  3.73989312e-05,  4.20961065e-05,
         5.14017114e-05,  4.65678894e-05,  8.91086408e-06,
        -3.55186348e-06, -1.50215834e-06,  3.81005761e-07],
       [-2.46446263e-05, -1.80108905e-06,  1.95574501e-06,
        -1.45933055e-07, -1.91675251e-06,  1.27531630e-05,
         3.63384932e-05,  3.43271659e-05,  2.63889548e-05,
         2.72236530e-05,  2.60408161e-05,  2.29080383e-05,
        -1.19753434e-06,  2.14877323e-05,  2.65365177e-05,
         2.66643269e-05,  2.47702385e-05,  3.05363587e-05,
         2.53311944e-05,  2.95711001e-05,  2.92597371e-05,
         3.24873452e-05,  3.10206129e-05, -2.51675561e-06,
        -8.76214932e-07,  1.82271244e-06,  1.13320279e-06],
       [-2.57243319e-05, -1.90027832e-06, -1.50616917e-06,
         1.27249235e-06,  2.12158807e-06,  1.43802516e-05,
         3.20804486e-05,  2.63889548e-05,  8.97170078e-05,
         4.73531631e-05,  3.01202964e-05,  3.04386507e-05,
         4.26937404e-06,  2.33043428e-05,  2.88995310e-05,
         3.01630024e-05,  2.91091516e-05,  2.88350360e-05,
         2.40431034e-05,  3.03044231e-05,  3.53454318e-05,
         2.58323766e-05,  2.09397100e-05,  2.18021504e-06,
        -3.41500330e-06,  2.66319311e-06,  3.63095280e-06],
       [-2.84488819e-05, -2.69912712e-05, -4.28252662e-06,
         1.55656684e-05,  4.83500642e-06,  1.99683706e-05,
         4.19160570e-05,  2.72236530e-05,  4.73531631e-05,
         2.29459788e-04,  6.71337925e-05,  1.43804478e-05,
        -1.36655239e-05,  2.25359322e-05,  3.28593072e-05,
         3.59361972e-05,  3.81888492e-05,  3.81860636e-05,
         3.58882560e-05,  1.72692094e-05,  4.06397546e-06,
         2.62558482e-05,  2.83405379e-05,  1.46733804e-05,
         2.83574849e-06, -6.36633762e-06, -1.36994698e-05],
       [-2.66915473e-05, -6.84183158e-06,  1.29291646e-06,
         2.03874039e-06, -1.37798100e-06,  1.62663435e-05,
         3.57289370e-05,  2.60408161e-05,  3.01202964e-05,
         6.71337925e-05,  4.19616660e-05,  3.05417078e-05,
        -1.21228172e-06,  2.17816536e-05,  2.83595776e-05,
         3.20384479e-05,  3.11794897e-05,  3.30064857e-05,
         2.85440272e-05,  2.91946329e-05,  2.79889486e-05,
         3.49086275e-05,  2.89948014e-05,  1.51281210e-06,
        -5.54839374e-08,  3.97739563e-07, -1.79563202e-06],
       [-2.31387709e-05, -2.04146202e-06,  3.01589201e-08,
        -2.21327491e-06, -2.50872164e-06,  1.60279085e-05,
         2.58949805e-05,  2.29080383e-05,  3.04386507e-05,
         1.43804478e-05,  3.05417078e-05,  6.97146959e-05,
         1.77237791e-05,  2.61496826e-05,  2.80707091e-05,
         3.17938043e-05,  2.88214923e-05,  3.38043647e-05,
         2.22656430e-05,  2.82109029e-05,  2.65961989e-05,
         3.56669144e-05,  2.01710707e-05, -1.99095387e-06,
         8.85304393e-07,  4.60986091e-06, -3.85270061e-07],
       [ 2.16597352e-06,  5.53755694e-06, -9.01183411e-08,
        -1.38958811e-06, -1.33480534e-07, -2.01636922e-07,
        -1.41043350e-05, -1.19753434e-06,  4.26937404e-06,
        -1.36655239e-05, -1.21228172e-06,  1.77237791e-05,
         5.22755122e-05,  9.98905257e-06,  8.21082457e-06,
         9.88007155e-06, -2.39681737e-06, -1.27595570e-05,
        -4.65420394e-06, -3.85139224e-06, -2.84586311e-06,
        -1.51192456e-05, -1.42322142e-05, -1.24543520e-05,
         5.68411234e-06, -2.92554564e-06, -1.85895850e-06],
       [-2.20509040e-05, -4.57682936e-07,  2.15538860e-06,
        -1.50298421e-06, -2.39133106e-06,  1.44600215e-05,
         2.73665002e-05,  2.14877323e-05,  2.33043428e-05,
         2.25359322e-05,  2.17816536e-05,  2.61496826e-05,
         9.98905257e-06,  3.38390086e-05,  3.31024005e-05,
         3.21901030e-05,  2.03884882e-05,  2.37630503e-05,
         2.06776770e-05,  2.10803744e-05,  2.38168653e-05,
         2.80654277e-05,  2.57811084e-05, -2.31876622e-06,
        -3.41741895e-07,  7.13867905e-07,  4.04064712e-07],
       [-2.48414096e-05, -3.89615532e-06,  1.95412860e-06,
         1.74571323e-06, -3.47308142e-06,  1.81713193e-05,
         3.36924303e-05,  2.65365177e-05,  2.88995310e-05,
         3.28593072e-05,  2.83595776e-05,  2.80707091e-05,
         8.21082457e-06,  3.31024005e-05,  6.42105845e-05,
         5.04993954e-05,  3.38599000e-05,  3.19898794e-05,
         2.04321718e-05,  2.59283462e-05,  2.60275010e-05,
         2.21369256e-05,  2.43228160e-05, -2.61243531e-06,
         2.59131351e-08, -9.52985882e-07,  2.85677879e-06],
       [-3.49649524e-05, -1.52195326e-05,  7.19650375e-07,
         1.27464077e-05, -6.46565085e-06,  2.23698519e-05,
         2.92566326e-05,  2.66643269e-05,  3.01630024e-05,
         3.59361972e-05,  3.20384479e-05,  3.17938043e-05,
         9.88007155e-06,  3.21901030e-05,  5.04993954e-05,
         1.64035859e-04,  6.17672807e-05,  4.35425488e-05,
         3.50179673e-05,  3.56420795e-05,  4.14490422e-05,
         4.34397107e-05,  4.03101784e-05,  2.50447304e-05,
        -1.21982327e-05, -1.18585039e-05,  4.57767398e-06],
       [-2.81169858e-05, -1.11895118e-05, -1.75642326e-06,
         1.47447906e-06,  2.60918308e-07,  2.36463392e-05,
         3.32486278e-05,  2.47702385e-05,  2.91091516e-05,
         3.81888492e-05,  3.11794897e-05,  2.88214923e-05,
        -2.39681737e-06,  2.03884882e-05,  3.38599000e-05,
         6.17672807e-05,  9.49144339e-05,  5.51148706e-05,
         2.35321894e-05,  3.15082956e-05,  3.83470701e-05,
         3.25146533e-05,  3.39189044e-05,  1.70637614e-05,
        -8.83787367e-06,  4.12247511e-06,  3.98747393e-06],
       [-3.22416569e-05, -7.31513433e-06,  1.80585945e-06,
        -2.42021855e-06, -1.04297203e-06,  2.13968173e-05,
         4.59408807e-05,  3.05363587e-05,  2.88350360e-05,
         3.81860636e-05,  3.30064857e-05,  3.38043647e-05,
        -1.27595570e-05,  2.37630503e-05,  3.19898794e-05,
         4.35425488e-05,  5.51148706e-05,  1.04812508e-04,
         4.11927885e-05,  3.13736017e-05,  3.66602542e-05,
         4.51025488e-05,  3.28627271e-05,  7.41940234e-06,
        -2.18177495e-06,  4.67978263e-07,  2.16469391e-07],
       [-2.62482074e-05, -5.57201806e-06,  9.45001859e-08,
         1.76483083e-06,  1.20277580e-06,  1.58752310e-05,
         3.57623184e-05,  2.53311944e-05,  2.40431034e-05,
         3.58882560e-05,  2.85440272e-05,  2.22656430e-05,
        -4.65420394e-06,  2.06776770e-05,  2.04321718e-05,
         3.50179673e-05,  2.35321894e-05,  4.11927885e-05,
         5.95752709e-05,  3.79732305e-05,  3.49988172e-05,
         4.06616795e-05,  2.78627074e-05,  9.11937063e-06,
        -3.08293856e-06, -2.62968714e-06,  1.77870393e-06],
       [-2.38532042e-05,  2.05319567e-06,  2.33525766e-06,
        -2.16288268e-05, -2.96624439e-06,  2.44166744e-05,
         3.73989312e-05,  2.95711001e-05,  3.03044231e-05,
         1.72692094e-05,  2.91946329e-05,  2.82109029e-05,
        -3.85139224e-06,  2.10803744e-05,  2.59283462e-05,
         3.56420795e-05,  3.15082956e-05,  3.13736017e-05,
         3.79732305e-05,  1.51330220e-04,  7.56852259e-05,
         4.82582874e-05,  3.41339442e-05, -2.24599529e-05,
         1.06121995e-05,  1.50258174e-05, -9.93665743e-06],
       [-3.11862788e-05, -1.28139400e-06,  2.76461550e-07,
        -7.67384288e-06, -3.32757311e-06,  2.55542051e-05,
         4.20961065e-05,  2.92597371e-05,  3.53454318e-05,
         4.06397546e-06,  2.79889486e-05,  2.65961989e-05,
        -2.84586311e-06,  2.38168653e-05,  2.60275010e-05,
         4.14490422e-05,  3.83470701e-05,  3.66602542e-05,
         3.49988172e-05,  7.56852259e-05,  9.97798476e-05,
         5.87136541e-05,  4.59241284e-05,  2.00135001e-06,
        -4.25765645e-07,  6.01637467e-06,  1.79202172e-06],
       [-3.81448306e-05, -3.68796356e-06,  2.21137496e-06,
        -1.85635111e-06, -4.23782193e-06,  2.54283499e-05,
         5.14017114e-05,  3.24873452e-05,  2.58323766e-05,
         2.62558482e-05,  3.49086275e-05,  3.56669144e-05,
        -1.51192456e-05,  2.80654277e-05,  2.21369256e-05,
         4.34397107e-05,  3.25146533e-05,  4.51025488e-05,
         4.06616795e-05,  4.82582874e-05,  5.87136541e-05,
         1.00419646e-04,  6.58199261e-05,  1.04031157e-05,
        -5.42113282e-06,  1.71733447e-06,  1.24060457e-06],
       [-3.35127007e-05, -2.93159715e-06,  6.88818503e-07,
         3.74896035e-07, -3.25884735e-06,  1.99593052e-05,
         4.65678894e-05,  3.10206129e-05,  2.09397100e-05,
         2.83405379e-05,  2.89948014e-05,  2.01710707e-05,
        -1.42322142e-05,  2.57811084e-05,  2.43228160e-05,
         4.03101784e-05,  3.39189044e-05,  3.28627271e-05,
         2.78627074e-05,  3.41339442e-05,  4.59241284e-05,
         6.58199261e-05,  1.01816640e-04,  7.86646494e-06,
        -1.75132277e-06, -7.16106297e-07, -2.30590626e-11],
       [-6.70934201e-06, -1.62622403e-05, -4.37533163e-06,
         1.12581728e-05,  1.53062060e-06,  1.23342766e-05,
         8.91086408e-06, -2.51675561e-06,  2.18021504e-06,
         1.46733804e-05,  1.51281210e-06, -1.99095387e-06,
        -1.24543520e-05, -2.31876622e-06, -2.61243531e-06,
         2.50447304e-05,  1.70637614e-05,  7.41940234e-06,
         9.11937063e-06, -2.24599529e-05,  2.00135001e-06,
         1.04031157e-05,  7.86646494e-06,  4.59313692e-05,
        -1.87934829e-05, -1.48175718e-06,  1.02758809e-05],
       [ 4.56544305e-06,  4.32256219e-06, -2.05929049e-06,
        -1.57928236e-06, -8.85949185e-08, -3.64506265e-06,
        -3.55186348e-06, -8.76214932e-07, -3.41500330e-06,
         2.83574849e-06, -5.54839374e-08,  8.85304393e-07,
         5.68411234e-06, -3.41741895e-07,  2.59131351e-08,
        -1.21982327e-05, -8.83787367e-06, -2.18177495e-06,
        -3.08293856e-06,  1.06121995e-05, -4.25765645e-07,
        -5.42113282e-06, -1.75132277e-06, -1.87934829e-05,
         1.67446132e-05, -4.54106186e-06, -8.68860158e-06],
       [ 9.02597592e-07, -9.93517001e-07,  1.12238994e-06,
        -1.00126499e-05, -1.13349040e-07,  1.70110520e-07,
        -1.50215834e-06,  1.82271244e-06,  2.66319311e-06,
        -6.36633762e-06,  3.97739563e-07,  4.60986091e-06,
        -2.92554564e-06,  7.13867905e-07, -9.52985882e-07,
        -1.18585039e-05,  4.12247511e-06,  4.67978263e-07,
        -2.62968714e-06,  1.50258174e-05,  6.01637467e-06,
         1.71733447e-06, -7.16106297e-07, -1.48175718e-06,
        -4.54106186e-06,  1.70851033e-05,  2.34011254e-06],
       [-2.00630536e-06, -1.75109638e-06,  4.57063769e-07,
         1.90490339e-06, -3.90288477e-07,  1.73271432e-06,
         3.81005761e-07,  1.13320279e-06,  3.63095280e-06,
        -1.36994698e-05, -1.79563202e-06, -3.85270061e-07,
        -1.85895850e-06,  4.04064712e-07,  2.85677879e-06,
         4.57767398e-06,  3.98747393e-06,  2.16469391e-07,
         1.77870393e-06, -9.93665743e-06,  1.79202172e-06,
         1.24060457e-06, -2.30590627e-11,  1.02758809e-05,
        -8.68860158e-06,  2.34011254e-06,  1.12684461e-05]]), 'k0': 23}"
post-2005,2324,2006,2024,best_iv,"{'F_kp': 2.0317947910610465, 'F_lee': 12.879020516313291, 'rf_R2': np.float64(-0.0210581098623126)}"
post-2005,2324,2006,2024,SAR,"{'rho': -0.48089435566456534, 'se_rho': 0.5578533510836844, 'F': 2.0317947910610465}"
post-2005,2324,2006,2024,SAR_lee,"{'rho': 0.3805571220589889, 'se_rho': 0.6492843647278607, 'F': 12.879020516313291}"
post-2005,2324,2006,2024,SAC,"{'rho': -0.8614413159415788, 'se_rho': 0.3627797041506338, 'lambda': 0.3912651319647262}"
post-2005,2324,2006,2024,SAR_lee_ci,"{'lo': -0.0455, 'hi': 7.0319, 'n_boot': 229}"
