year,country_name,y,p_framework,p_poly4
2005,Albania,0,0.8970588235294117,0.8840855152247333
2005,Argentina,0,0.38725490196078427,0.09594311651512451
2005,Australia,0,0.19607843137254902,0.02753301411828236
2005,Belgium,0,0.11764705882352942,0.025142797700588543
2005,Benin,0,0.7745098039215685,0.6022945880316669
2005,Bolivia,1,0.5882352941176471,0.1805644240149733
2005,Botswana,0,0.5882352941176471,0.2569795492538453
2005,Brazil,0,0.5049019607843137,0.03250058239056396
2005,Bulgaria,0,0.38725490196078427,0.3072496197388503
2005,Burkina Faso,0,0.8333333333333334,0.8808612504014459
2005,Canada,0,0.22549019607843135,0.061512587293418027
2005,Chile,0,0.24509803921568626,0.027952298019585365
2005,Colombia,0,0.9852941176470589,0.8400532473051604
2005,Costa Rica,0,0.2450980392156863,0.021601206757802863
2005,Croatia,0,0.568627450980392,0.12310719963983578
2005,Cyprus,0,0.4950980392156863,0.06062129426658714
2005,Denmark,0,0.3235294117647059,0.014523823375816302
2005,Ecuador,1,0.7941176470588235,0.31726386855759414
2005,Fiji,1,0.9117647058823529,0.8635581469896911
2005,Finland,0,0.08823529411764706,0.030601217429159677
2005,France,0,0.22058823529411767,0.02924768667394364
2005,Georgia,0,0.9754901960784315,0.8293319407781685
2005,Germany,0,0.13725490196078433,0.020953818849085776
2005,Ghana,0,0.40686274509803927,0.2203186664620937
2005,Greece,0,0.4362745098039216,0.022955184432855057
2005,Guatemala,0,0.6372549019607843,0.8180476377986032
2005,Guyana,0,0.9117647058823529,0.7198183054252316
2005,Hungary,1,0.4852941176470588,0.046513616188008255
2005,Iceland,0,0.2450980392156863,0.03349251428747531
2005,India,1,0.8186274509803922,0.23957768079735556
2005,Indonesia,1,0.5490196078431372,0.31056817864645203
2005,Ireland,0,0.12745098039215685,0.025916182122785802
2005,Israel,0,0.6176470588235294,0.1525665531264328
2005,Italy,0,0.2352941176470588,0.04448856043121952
2005,Jamaica,0,0.784313725490196,0.1693483787859318
2005,Japan,0,0.3970588235294117,0.04791205240489738
2005,Kenya,0,0.8627450980392157,0.8962337042838926
2005,Latvia,0,0.3186274509803922,0.06333201649392875
2005,Lesotho,0,0.9313725490196078,0.6316714434202572
2005,Lithuania,0,0.3088235294117647,0.06333201649392875
2005,Luxembourg,0,0.10294117647058824,0.031065732567985307
2005,Mali,1,0.8725490196078431,0.5948243280924178
2005,Mauritius,0,0.7892156862745098,0.2021961721089316
2005,Mexico,0,0.627450980392157,0.27518798772346637
2005,Mongolia,0,0.607843137254902,0.40666895990078433
2005,Namibia,0,0.6176470588235294,0.44081644543076426
2005,Netherlands,0,0.4754901960784313,0.03610180705753927
2005,New Zealand,0,0.4313725490196078,0.02711984399874567
2005,Niger,1,0.8676470588235294,0.7643599701289343
2005,Norway,0,0.21568627450980393,0.021275104014154507
2005,Papua New Guinea,1,0.6960784313725489,0.8502226808230164
2005,Paraguay,0,0.8480392156862745,0.6973576094846806
2005,Poland,0,0.12745098039215688,0.025142797700588543
2005,Portugal,0,0.3186274509803922,0.023306426050889614
2005,Romania,0,0.5196078431372549,0.6460162143806449
2005,Senegal,0,0.75,0.362555099434777
2005,Serbia,1,0.8480392156862746,0.5568769329403872
2005,Sierra Leone,0,0.8627450980392157,0.8061915923253441
2005,South Africa,0,0.5931372549019608,0.11816074684894369
2005,South Korea,1,0.3137254901960784,0.05312717275941256
2005,Spain,0,0.19607843137254902,0.02711984399874567
2005,Sweden,0,0.25980392156862747,0.016668413308250564
2005,Switzerland,0,0.27941176470588236,0.024391914506571702
2005,Taiwan,0,0.338235294117647,0.12997839811642986
2005,Trinidad and Tobago,0,0.5098039215686274,0.12310719963983578
2005,United Kingdom,0,0.18627450980392157,0.03451364040457724
2005,United States of America,0,0.35784313725490197,0.03832908505742588
2005,Uruguay,0,0.3235294117647059,0.022955184432855057
2006,Albania,0,0.8855721393034824,0.8453237993349808
2006,Argentina,0,0.40298507462686567,0.3555633321721843
2006,Australia,0,0.27860696517412936,0.16922080483834864
2006,Belgium,0,0.36815920398009955,0.15892069857080848
2006,Benin,0,0.3333333333333333,0.6398109954212309
2006,Botswana,0,0.41791044776119407,0.48996493551057047
2006,Brazil,0,0.38308457711442784,0.18237568601271806
2006,Bulgaria,0,0.4626865671641791,0.5354504078257217
2006,Burkina Faso,0,0.6218905472636816,0.8533066267195312
2006,Canada,0,0.2885572139303482,0.24733284291193486
2006,Chile,0,0.19402985074626866,0.14727617397732848
2006,Colombia,0,0.7412935323383084,0.8124217585596546
2006,Costa Rica,0,0.1442786069651741,0.1340424775350518
2006,Croatia,0,0.6169154228855721,0.3687761461204315
2006,Cyprus,0,0.3582089552238806,0.23817781559731244
2006,Denmark,0,0.22388059701492535,0.11491831028311505
2006,Ecuador,1,0.8457711442786069,0.5645508062404838
2006,Finland,0,0.05472636815920398,0.1659364108633772
2006,France,0,0.2885572139303483,0.1748229934619405
2006,Georgia,0,0.8805970149253731,0.8366668657067559
2006,Germany,0,0.10945273631840796,0.1377836715711762
2006,Ghana,0,0.27860696517412936,0.47277195066618444
2006,Greece,0,0.5522388059701493,0.15269480371330374
2006,Guatemala,0,0.8109452736318409,0.8411551944059632
2006,Guyana,0,0.9104477611940297,0.7956100310391081
2006,Iceland,0,0.19900497512437812,0.18845264111214355
2006,India,1,0.7910447761194029,0.49726604786084144
2006,Indonesia,1,0.8009950248756219,0.5530129648128014
2006,Ireland,0,0.42288557213930345,0.16360209889031765
2006,Israel,0,0.6915422885572139,0.3890805546358648
2006,Italy,0,0.4676616915422886,0.20748824995311468
2006,Jamaica,0,0.7363184079601991,0.40386619425844167
2006,Japan,0,0.3283582089552239,0.21305359490793105
2006,Kenya,0,0.8159203980099502,0.8879909515808208
2006,Latvia,0,0.3034825870646766,0.2788936169984794
2006,Lesotho,0,0.9701492537313433,0.7355652268376066
2006,Liberia,0,0.6019900497512438,0.6546526536264344
2006,Lithuania,0,0.2835820895522388,0.2620572207801145
2006,Luxembourg,0,0.07462686567164178,0.18057033607229425
2006,Mali,1,0.7661691542288557,0.7180555323511387
2006,Mauritius,0,0.9154228855721392,0.45499856050500337
2006,Mexico,0,0.7313432835820896,0.6123785602508096
2006,Mongolia,0,0.7761194029850746,0.5827847393753337
2006,Namibia,0,0.5870646766169155,0.6225240683494189
2006,Netherlands,0,0.09950248756218905,0.18760095903569812
2006,New Zealand,0,0.3383084577114428,0.16930518601828426
2006,Niger,1,0.890547263681592,0.8004429423729594
2006,Norway,0,0.3731343283582089,0.14251453330995845
2006,Papua New Guinea,1,0.3432835820895523,0.8520107549434502
2006,Paraguay,0,0.6666666666666666,0.7722329865186046
2006,Poland,0,0.38805970149253727,0.17069649253180574
2006,Portugal,0,0.19402985074626866,0.14641664265972673
2006,Romania,0,0.1691542288557214,0.7451410703605282
2006,Senegal,0,0.5273631840796019,0.5841930827561141
2006,Serbia,1,0.9701492537313433,0.702256973082758
2006,Sierra Leone,0,0.7462686567164178,0.8309242312456202
2006,South Africa,0,0.5223880597014925,0.3495644582152549
2006,South Korea,1,0.7064676616915423,0.2402269487909398
2006,Spain,0,0.5522388059701492,0.16791645851624049
2006,Sweden,0,0.2985074626865672,0.12644177614736268
2006,Switzerland,0,0.4527363184079602,0.1583217355259763
2006,Taiwan,0,0.5572139303482587,0.36245305297084063
2006,Trinidad and Tobago,0,0.5870646766169154,0.35342787672917664
2006,Ukraine,1,0.7910447761194029,0.7964077462055764
2006,United Kingdom,0,0.38308457711442784,0.17967310803004113
2006,United States of America,0,0.5074626865671642,0.19187292206751883
2006,Uruguay,0,0.21890547263681592,0.14874879353671086
2007,Albania,0,0.9128205128205128,0.8332123059390327
2007,Argentina,0,0.38974358974358975,0.34990679603390396
2007,Australia,0,0.13846153846153847,0.16532370187730672
2007,Belgium,0,0.44102564102564107,0.14955770784001438
2007,Benin,0,0.38974358974358975,0.6653033036872884
2007,Botswana,0,0.47179487179487184,0.4911315976302444
2007,Brazil,0,0.24102564102564106,0.18469321579870462
2007,Bulgaria,0,0.4102564102564103,0.5322739876845395
2007,Burkina Faso,0,0.7897435897435897,0.8590131494806397
2007,Canada,0,0.4615384615384615,0.24103743462866975
2007,Chile,0,0.24102564102564106,0.14556562925277794
2007,Colombia,0,0.8000000000000002,0.7853562870870635
2007,Costa Rica,0,0.11794871794871796,0.1292343361145411
2007,Croatia,0,0.4512820512820513,0.3368153502036003
2007,Cyprus,0,0.476923076923077,0.23043495906166253
2007,Denmark,0,0.07692307692307693,0.11466279447616352
2007,Finland,0,0.09230769230769231,0.16296044977807428
2007,France,0,0.6000000000000001,0.16928982823988112
2007,Georgia,0,0.8153846153846155,0.8497773922892853
2007,Germany,0,0.041025641025641026,0.13683667297629715
2007,Ghana,0,0.3282051282051282,0.45263666457184515
2007,Greece,0,0.3384615384615384,0.1452558260193668
2007,Guatemala,0,0.7333333333333334,0.8208094543639549
2007,Guyana,0,0.9435897435897437,0.7992160852581163
2007,Iceland,0,0.18974358974358974,0.17454290455537208
2007,India,1,0.9179487179487179,0.49249725822401913
2007,Indonesia,1,0.8102564102564104,0.5476182793313507
2007,Ireland,0,0.2153846153846154,0.1499990345699421
2007,Israel,0,0.7025641025641026,0.4002384950476852
2007,Italy,0,0.3538461538461539,0.19055351574834545
2007,Jamaica,0,0.7025641025641026,0.38733915051844275
2007,Japan,0,0.5230769230769231,0.21110086982138704
2007,Latvia,0,0.441025641025641,0.3252203223810848
2007,Lesotho,0,0.9948717948717949,0.8205328541268886
2007,Liberia,0,0.5692307692307693,0.5743155355926085
2007,Lithuania,0,0.1435897435897436,0.26026143367097815
2007,Luxembourg,0,0.30769230769230765,0.17957109874339247
2007,Mali,1,0.7333333333333334,0.7293022254757753
2007,Mauritius,0,0.8205128205128206,0.45101101233158075
2007,Mexico,0,0.6871794871794871,0.6971673000946209
2007,Mongolia,0,0.7128205128205128,0.5766863779007518
2007,Namibia,0,0.5179487179487179,0.6401906106404577
2007,Netherlands,0,0.11794871794871796,0.17532839923492005
2007,New Zealand,0,0.2871794871794872,0.1684249438484819
2007,Niger,1,0.8615384615384616,0.7964418966363634
2007,Norway,0,0.34871794871794876,0.1417707318751476
2007,Paraguay,0,0.7076923076923077,0.7697027761586198
2007,Poland,0,0.5692307692307692,0.17489278002420702
2007,Portugal,0,0.11794871794871796,0.14570429103872365
2007,Romania,0,0.2820512820512821,0.7448408051053383
2007,Senegal,0,0.6153846153846154,0.6129889799727866
2007,Serbia,1,0.9179487179487179,0.7099421568545675
2007,Sierra Leone,0,0.9282051282051283,0.856536580220908
2007,South Africa,0,0.35897435897435903,0.34783187117668624
2007,South Korea,1,0.6410256410256411,0.23856640565840975
2007,Spain,0,0.6,0.17105243812689958
2007,Sweden,0,0.2512820512820513,0.12362782775821475
2007,Switzerland,0,0.5948717948717949,0.15463981572381474
2007,Taiwan,0,0.39487179487179486,0.3606135571303171
2007,Trinidad and Tobago,0,0.7743589743589744,0.3456188901163844
2007,Ukraine,1,0.8717948717948718,0.7171653690734732
2007,United Kingdom,0,0.358974358974359,0.17830220902957036
2007,United States of America,0,0.48717948717948717,0.13977592110751624
2007,Uruguay,0,0.20000000000000004,0.14826684297182927
2007,Zambia,1,0.6666666666666666,0.8956656642931526
2008,Albania,0,0.9153439153439153,0.8128693800839104
2008,Argentina,0,0.4074074074074074,0.3859277432956564
2008,Australia,0,0.15873015873015872,0.18337427008606938
2008,Belgium,0,0.5608465608465608,0.1686522752672908
2008,Benin,0,0.6296296296296297,0.6685643762629153
2008,Bosnia and Herzegovina,0,0.9894179894179894,0.8069384218504184
2008,Botswana,0,0.35978835978835977,0.5033395723044017
2008,Brazil,0,0.09523809523809523,0.2112339035304229
2008,Bulgaria,0,0.5185185185185185,0.5221729416226965
2008,Burkina Faso,0,0.8042328042328042,0.8397028573451398
2008,Canada,0,0.4444444444444444,0.2717155329372002
2008,Chile,0,0.2698412698412698,0.17222835543412396
2008,Colombia,0,0.8148148148148149,0.7637565908929951
2008,Costa Rica,0,0.22751322751322753,0.15508237394068194
2008,Croatia,1,0.4021164021164021,0.3618159374070218
2008,Cyprus,0,0.5502645502645502,0.2580996980387308
2008,Denmark,0,0.13756613756613756,0.14037146566642136
2008,Finland,0,0.19047619047619047,0.18959683036090003
2008,France,0,0.4603174603174603,0.18815756543700882
2008,Germany,0,0.3544973544973545,0.16275672442958677
2008,Ghana,1,0.32275132275132273,0.466000578631504
2008,Greece,0,0.4920634920634921,0.16709271839332396
2008,Guatemala,0,0.6349206349206349,0.7798451246839917
2008,Guyana,0,0.8042328042328042,0.7797142307466638
2008,Iceland,0,0.17460317460317457,0.19413980617139398
2008,India,1,0.9417989417989417,0.4949857981787306
2008,Indonesia,1,0.8412698412698413,0.532253414717726
2008,Ireland,0,0.4021164021164021,0.17176303812648225
2008,Israel,0,0.6666666666666666,0.41322868149434827
2008,Italy,0,0.47089947089947093,0.22336041483379981
2008,Jamaica,0,0.6402116402116401,0.3851906562055896
2008,Japan,0,0.7354497354497355,0.24053475223557366
2008,Latvia,0,0.37566137566137564,0.34496641286238433
2008,Lesotho,0,0.9576719576719577,0.8041478109293358
2008,Liberia,0,0.34920634920634913,0.5997247077467018
2008,Lithuania,0,0.2222222222222222,0.28178782501358
2008,Luxembourg,0,0.1851851851851852,0.20573882649239172
2008,Mauritius,0,0.7936507936507936,0.4586537477421393
2008,Mexico,0,0.5555555555555555,0.6651935703459846
2008,Mongolia,0,0.798941798941799,0.6178363403144724
2008,Namibia,0,0.6507936507936508,0.62550910735012
2008,Netherlands,0,0.06349206349206349,0.20180687050780194
2008,New Zealand,0,0.3068783068783069,0.1926537790953236
2008,Niger,1,0.7513227513227513,0.7777487900122496
2008,Norway,0,0.22751322751322753,0.16774727204301515
2008,Paraguay,0,0.7566137566137566,0.7215017723234374
2008,Poland,0,0.328042328042328,0.1851098951585231
2008,Portugal,0,0.291005291005291,0.1730386191656301
2008,Romania,0,0.26455026455026454,0.7108114869361234
2008,Senegal,0,0.6031746031746031,0.6011792243982628
2008,Serbia,1,0.8888888888888888,0.6918966287873158
2008,Sierra Leone,0,0.8518518518518517,0.8506722851575937
2008,South Africa,0,0.4920634920634921,0.37263186473886856
2008,Spain,0,0.4708994708994709,0.18816334717325678
2008,Sweden,0,0.13756613756613756,0.14877989799546917
2008,Switzerland,0,0.3597883597883598,0.1745902843139471
2008,Taiwan,0,0.4656084656084656,0.352061859834843
2008,Trinidad and Tobago,0,0.5185185185185185,0.33668717202655
2008,Ukraine,1,0.7671957671957671,0.7100717842173674
2008,United Kingdom,0,0.5291005291005292,0.20505387301437875
2008,United States of America,0,0.5026455026455027,0.16339572314263343
2008,Uruguay,0,0.2486772486772487,0.17478765354345488
2008,Zambia,1,0.8677248677248678,0.8677151647473362
2009,Albania,0,0.8624338624338623,0.8125210824710162
2009,Argentina,0,0.5767195767195766,0.4221573059686598
2009,Australia,0,0.1164021164021164,0.19896404874469023
2009,Belgium,0,0.30687830687830686,0.18630588088167224
2009,Benin,0,0.4285714285714286,0.6709696695135389
2009,Bhutan,0,0.9576719576719577,0.8288486186424893
2009,Bosnia and Herzegovina,0,0.9100529100529101,0.7874977831928337
2009,Botswana,0,0.5978835978835978,0.5175698360860335
2009,Brazil,0,0.12169312169312169,0.23011533849338356
2009,Bulgaria,0,0.42328042328042326,0.5509924410126648
2009,Burkina Faso,1,0.6825396825396824,0.8251614742564771
2009,Canada,0,0.31746031746031744,0.29396868480548255
2009,Chile,0,0.4656084656084656,0.19674880116344773
2009,Colombia,0,0.6084656084656085,0.7571992817927607
2009,Costa Rica,0,0.21164021164021163,0.17381303261676412
2009,Croatia,1,0.32275132275132273,0.3782645900739069
2009,Cyprus,0,0.48677248677248675,0.2777667465652391
2009,Denmark,0,0.05291005291005291,0.15875067371646454
2009,Finland,0,0.2328042328042328,0.20856536367490444
2009,France,0,0.6455026455026455,0.2044113725996185
2009,Germany,0,0.5873015873015873,0.18271058953157482
2009,Ghana,1,0.291005291005291,0.44789059871130776
2009,Greece,0,0.671957671957672,0.18392580457000027
2009,Guatemala,0,0.44973544973544977,0.7687683818521185
2009,Guyana,0,0.671957671957672,0.7651725881470391
2009,Iceland,0,0.1693121693121693,0.2100207913460257
2009,Ireland,0,0.13227513227513227,0.1903487252232709
2009,Israel,0,0.37566137566137564,0.4264572278210936
2009,Italy,0,0.4920634920634921,0.2455525074680425
2009,Jamaica,0,0.36507936507936506,0.39490992153977755
2009,Japan,0,0.7936507936507936,0.2521824260590522
2009,Latvia,0,0.3333333333333333,0.35302339012458034
2009,Lesotho,0,0.9417989417989417,0.7893383196733598
2009,Liberia,0,0.5978835978835978,0.6079100178317117
2009,Lithuania,0,0.164021164021164,0.273652871832425
2009,Luxembourg,0,0.38095238095238093,0.22359038059689793
2009,Maldives,1,0.8835978835978836,0.8068197619168915
2009,Mauritius,1,0.746031746031746,0.46872264351216225
2009,Mexico,0,0.8201058201058201,0.6446440746306367
2009,Mongolia,0,0.7619047619047619,0.6246956343096295
2009,Namibia,0,0.7566137566137566,0.6306677341153397
2009,Nepal,1,0.9417989417989419,0.8467341440663614
2009,Netherlands,0,0.15873015873015872,0.2223198441412711
2009,New Zealand,0,0.23809523809523805,0.19868525047528834
2009,Norway,0,0.1693121693121693,0.18536989499963163
2009,Paraguay,0,0.7301587301587302,0.6909268723896974
2009,Poland,0,0.2804232804232804,0.1966258832287728
2009,Portugal,0,0.3333333333333333,0.19160518508048643
2009,Romania,0,0.4021164021164021,0.6452162228623577
2009,Senegal,0,0.5449735449735449,0.605089565916832
2009,Serbia,1,0.9206349206349206,0.6925562621598522
2009,Sierra Leone,0,0.6507936507936508,0.8468619078410153
2009,South Africa,0,0.8359788359788359,0.39038479998662956
2009,Spain,0,0.619047619047619,0.20063942562507014
2009,Sweden,0,0.047619047619047616,0.16706457779097475
2009,Switzerland,0,0.17989417989417988,0.19093585142829064
2009,Taiwan,0,0.8412698412698413,0.3556669852100347
2009,Trinidad and Tobago,0,0.4603174603174603,0.3425270418861648
2009,Ukraine,1,0.8306878306878307,0.7235710805395374
2009,United Kingdom,0,0.31746031746031744,0.22416086352666825
2009,United States of America,0,0.49735449735449727,0.1878865740264409
2009,Uruguay,0,0.5767195767195767,0.19226020002959548
2009,Zambia,1,0.708994708994709,0.8510645120869053
2010,Albania,0,0.8518518518518517,0.8174929824594389
2010,Argentina,0,0.42857142857142855,0.4522417651063088
2010,Australia,0,0.08994708994708994,0.2031489389897323
2010,Belgium,0,0.4338624338624339,0.19625652360347776
2010,Benin,0,0.4973544973544974,0.6757752054963678
2010,Bhutan,0,0.8571428571428571,0.7744298553903043
2010,Bosnia and Herzegovina,0,0.9947089947089948,0.7889096947794795
2010,Botswana,1,0.4973544973544974,0.5182690284552807
2010,Brazil,1,0.36507936507936506,0.2367251568145843
2010,Bulgaria,0,0.582010582010582,0.5966147365480245
2010,Burkina Faso,1,0.9417989417989417,0.799396962163399
2010,Canada,0,0.45502645502645506,0.30620085391132684
2010,Chile,0,0.1851851851851852,0.21142912573886263
2010,Colombia,0,0.41269841269841273,0.7053911861465365
2010,Costa Rica,0,0.45502645502645506,0.1835177282332348
2010,Croatia,1,0.45502645502645506,0.29358483955248865
2010,Cyprus,0,0.4074074074074074,0.2775628714181183
2010,Denmark,0,0.13227513227513227,0.17020020429892205
2010,Finland,0,0.17460317460317457,0.22096050955738344
2010,France,0,0.4656084656084656,0.21605534194299347
2010,Germany,0,0.4708994708994709,0.19770054421232508
2010,Ghana,1,0.328042328042328,0.4307321588427618
2010,Greece,0,0.7724867724867724,0.1945811606082403
2010,Guatemala,0,0.6243386243386243,0.762079967047034
2010,Guyana,0,0.6825396825396827,0.760371336680084
2010,Iceland,0,0.2962962962962963,0.22101369729847128
2010,Ireland,0,0.06349206349206349,0.20075031397822446
2010,Israel,0,0.582010582010582,0.4454153522293604
2010,Italy,0,0.28571428571428575,0.256402897141691
2010,Jamaica,0,0.24867724867724864,0.40401833889037986
2010,Japan,0,0.6772486772486772,0.2634975970230429
2010,Latvia,0,0.5079365079365079,0.3604824828555792
2010,Lesotho,1,0.851851851851852,0.7880682614189097
2010,Liberia,0,0.9100529100529101,0.6464735407020895
2010,Lithuania,0,0.164021164021164,0.26945579376786805
2010,Luxembourg,0,0.4021164021164021,0.23412193973098255
2010,Malawi,0,0.8518518518518517,0.8511483653095964
2010,Mauritius,1,0.6931216931216931,0.46176082093666765
2010,Mexico,0,0.8201058201058201,0.6339602038477342
2010,Moldova,1,0.6455026455026455,0.7698280105581031
2010,Mongolia,0,0.8624338624338623,0.5951708961135123
2010,Namibia,0,0.6349206349206349,0.6666930302401661
2010,Nepal,1,0.9100529100529101,0.8163425783443976
2010,Netherlands,0,0.19047619047619047,0.2310225751460191
2010,New Zealand,0,0.25396825396825395,0.20533878902958003
2010,Norway,0,0.06878306878306878,0.19488635645518398
2010,Paraguay,0,0.6666666666666666,0.6742801075190423
2010,Philippines,0,0.9417989417989417,0.8635559945362283
2010,Poland,0,0.43915343915343913,0.2079993137337609
2010,Portugal,0,0.14285714285714285,0.20337114025553027
2010,Romania,0,0.328042328042328,0.5998126214127996
2010,Senegal,0,0.7354497354497355,0.5898970644953095
2010,Sierra Leone,0,0.6825396825396824,0.8463221416693958
2010,South Africa,0,0.5185185185185185,0.3957076320629984
2010,Spain,0,0.529100529100529,0.20815995880649724
2010,Sweden,0,0.19576719576719573,0.17833461860793456
2010,Switzerland,0,0.07936507936507936,0.20262233466389865
2010,Taiwan,0,0.8888888888888888,0.3609282649365671
2010,Trinidad and Tobago,0,0.582010582010582,0.35245152329370866
2010,United Kingdom,0,0.3862433862433862,0.24156487915857933
2010,United States of America,0,0.5026455026455027,0.19401186258852865
2010,Uruguay,0,0.24338624338624337,0.1848252458703115
2010,Zambia,1,0.6560846560846562,0.8473680587073972
2011,Albania,0,0.9312169312169312,0.827191535280233
2011,Argentina,0,0.4708994708994709,0.4523664354863772
2011,Australia,0,0.047619047619047616,0.1920295240290098
2011,Belgium,0,0.30158730158730157,0.18722449115318526
2011,Benin,0,0.6455026455026456,0.7469399956071509
2011,Bhutan,0,0.8994708994708995,0.7141003721986411
2011,Bosnia and Herzegovina,0,0.9841269841269842,0.7949643406874173
2011,Botswana,1,0.4867724867724868,0.5132394852543616
2011,Brazil,1,0.31216931216931215,0.22116976459173807
2011,Bulgaria,0,0.5502645502645502,0.6111396886924552
2011,Burkina Faso,1,0.8941798941798943,0.7978565577232851
2011,Canada,0,0.4761904761904762,0.3299020830854757
2011,Chile,0,0.40740740740740744,0.20201757752669575
2011,Colombia,0,0.39153439153439146,0.6266505529328483
2011,Costa Rica,0,0.3068783068783069,0.17515237443476306
2011,Croatia,1,0.45502645502645506,0.251114571875442
2011,Cyprus,0,0.2751322751322751,0.2677663330515784
2011,Denmark,0,0.2804232804232804,0.1623495338398039
2011,Finland,0,0.1851851851851852,0.20878654810164085
2011,France,0,0.4920634920634921,0.20427917557012595
2011,Germany,0,0.42857142857142855,0.18763888146460542
2011,Ghana,1,0.3544973544973544,0.4259738659545716
2011,Greece,0,0.8148148148148149,0.18616632519949206
2011,Guatemala,0,0.6243386243386243,0.7694560322687904
2011,Guyana,0,0.6402116402116402,0.7694876633731617
2011,Iceland,0,0.2486772486772487,0.21288280065857074
2011,Ireland,0,0.09523809523809523,0.1926023315436858
2011,Israel,0,0.7037037037037037,0.44478555581374957
2011,Italy,0,0.35978835978835977,0.2410995874647959
2011,Jamaica,0,0.25925925925925924,0.41349676989840384
2011,Japan,0,0.7089947089947088,0.25727127633103036
2011,Latvia,0,0.42857142857142855,0.3163543498305985
2011,Lesotho,1,0.8888888888888888,0.780191614664605
2011,Liberia,0,0.8359788359788359,0.6616682542774295
2011,Lithuania,0,0.2486772486772487,0.26503446720629276
2011,Luxembourg,0,0.20634920634920637,0.22612917909931632
2011,Malawi,0,0.8412698412698413,0.8466871801016158
2011,Mauritius,1,0.6084656084656085,0.4562240682400633
2011,Mexico,0,0.7566137566137566,0.6282839155074019
2011,Moldova,1,0.6243386243386243,0.5908098099696029
2011,Mongolia,1,0.7513227513227513,0.6040819698461968
2011,Namibia,0,0.6137566137566137,0.6646853111372454
2011,Nepal,1,0.947089947089947,0.7945840964683489
2011,Netherlands,0,0.13756613756613756,0.2231439777183205
2011,New Zealand,0,0.164021164021164,0.19961323242183154
2011,Niger,1,0.9682539682539683,0.8102415769302596
2011,Norway,0,0.15343915343915343,0.18633780972897218
2011,Paraguay,0,0.6878306878306878,0.6887580404381473
2011,Philippines,1,0.8888888888888888,0.8412247388927164
2011,Poland,1,0.4391534391534391,0.19574226689106242
2011,Portugal,0,0.31746031746031744,0.20996023029549515
2011,Romania,0,0.21164021164021163,0.5837621226993736
2011,Senegal,0,0.8941798941798941,0.5845715343703285
2011,Sierra Leone,0,0.5714285714285714,0.8559416442279442
2011,South Africa,0,0.582010582010582,0.393692033157405
2011,Spain,0,0.4603174603174603,0.19599169445860787
2011,Sweden,0,0.12169312169312169,0.17044702294784334
2011,Switzerland,0,0.031746031746031744,0.1910312820938079
2011,Taiwan,0,0.8518518518518517,0.35053707429340797
2011,Trinidad and Tobago,0,0.42857142857142855,0.3409807463432335
2011,United Kingdom,0,0.566137566137566,0.23695353799388863
2011,United States of America,0,0.4973544973544974,0.19303402399287303
2011,Uruguay,0,0.24338624338624337,0.17201143283094236
2012,Albania,0,0.8923076923076924,0.8241576250516586
2012,Argentina,0,0.4051282051282052,0.4174081363677733
2012,Australia,0,0.09743589743589744,0.18784630647729456
2012,Belgium,0,0.2717948717948718,0.18266393720506813
2012,Benin,0,0.6358974358974359,0.7461508851561688
2012,Bhutan,0,0.8871794871794872,0.7363196239641862
2012,Bosnia and Herzegovina,0,0.9333333333333335,0.7900731904417467
2012,Botswana,1,0.38974358974358975,0.5078413299037854
2012,Brazil,1,0.4102564102564103,0.22169099760929029
2012,Bulgaria,0,0.5846153846153846,0.6218552816326584
2012,Burkina Faso,1,0.9333333333333332,0.783170068370189
2012,Canada,0,0.43076923076923074,0.3242074287254119
2012,Chile,0,0.2923076923076923,0.19226522321920644
2012,Colombia,0,0.29743589743589743,0.6257778869816172
2012,Costa Rica,0,0.4153846153846154,0.1704023055569389
2012,Croatia,1,0.39999999999999997,0.25274360069619545
2012,Cyprus,0,0.3333333333333333,0.2624844566265666
2012,Denmark,0,0.3076923076923077,0.15764222457732618
2012,Finland,0,0.2923076923076923,0.20227565972490213
2012,France,0,0.4666666666666666,0.195723064468106
2012,Georgia,1,0.7948717948717948,0.8492566674681572
2012,Germany,0,0.38974358974358975,0.18384973475844602
2012,Ghana,1,0.4461538461538462,0.3984304089704497
2012,Greece,0,0.6717948717948717,0.18614850924348478
2012,Guatemala,0,0.5948717948717949,0.7751451747028965
2012,Guyana,0,0.6205128205128205,0.7702009280123765
2012,Iceland,0,0.18461538461538463,0.21573276343788908
2012,Ireland,0,0.158974358974359,0.18652941156267258
2012,Israel,0,0.6871794871794871,0.4402811877003837
2012,Italy,0,0.2769230769230769,0.2251418606676371
2012,Jamaica,0,0.27692307692307694,0.37530901757037743
2012,Japan,0,0.8102564102564104,0.2565521686576156
2012,Latvia,0,0.39999999999999997,0.3045878695137593
2012,Lesotho,1,0.8923076923076924,0.7668001228972557
2012,Liberia,0,0.8102564102564104,0.6669496388491525
2012,Lithuania,0,0.27692307692307694,0.27027237519502495
2012,Luxembourg,0,0.1794871794871795,0.22058837917054422
2012,Malawi,0,0.8666666666666667,0.826670801964112
2012,Mauritius,1,0.6871794871794871,0.45094290210316806
2012,Mexico,0,0.6974358974358973,0.6476591523373825
2012,Moldova,1,0.6153846153846154,0.6157156913771983
2012,Mongolia,1,0.7538461538461538,0.5833835430639149
2012,Namibia,0,0.641025641025641,0.659907118008018
2012,Netherlands,0,0.24102564102564106,0.22051538994821793
2012,New Zealand,0,0.14871794871794872,0.19115476525818784
2012,Niger,1,1.0,0.6979351096197026
2012,Nigeria,0,0.8769230769230769,0.8616588571178209
2012,Norway,0,0.13333333333333333,0.18136799216526592
2012,Paraguay,0,0.6666666666666666,0.7226540712704186
2012,Philippines,1,0.8564102564102565,0.8423325192271546
2012,Poland,1,0.4000000000000001,0.19161780677199114
2012,Portugal,0,0.24102564102564103,0.20275990464950858
2012,Romania,0,0.3282051282051282,0.5964513558178502
2012,Senegal,0,0.9128205128205128,0.5580879909997487
2012,Sierra Leone,0,0.5692307692307693,0.859495334205953
2012,South Africa,0,0.5794871794871795,0.38342567992028836
2012,Spain,0,0.4461538461538461,0.19656566979455947
2012,Sweden,0,0.10256410256410257,0.16235737160527464
2012,Switzerland,0,0.12307692307692308,0.174536645325676
2012,Taiwan,0,0.7692307692307693,0.3441359457615424
2012,Trinidad and Tobago,0,0.3076923076923077,0.3364131310119223
2012,Tunisia,1,0.8205128205128206,0.44925230140200645
2012,United Kingdom,0,0.4256410256410257,0.22670567305445843
2012,United States of America,0,0.5025641025641027,0.1879056283928359
2012,Uruguay,0,0.13846153846153847,0.1681347170228649
2013,Albania,0,0.9682539682539683,0.8435396383675424
2013,Argentina,0,0.5396825396825397,0.39621954988685687
2013,Australia,0,0.3068783068783069,0.22911496558801533
2013,Belgium,0,0.34920634920634924,0.1769711277560183
2013,Benin,1,0.6243386243386243,0.7303382467580835
2013,Bhutan,0,0.8624338624338624,0.7771751429228659
2013,Bosnia and Herzegovina,0,0.9841269841269842,0.7973354965647838
2013,Botswana,1,0.39153439153439146,0.5171493602995026
2013,Brazil,1,0.7248677248677248,0.21584557413711616
2013,Bulgaria,0,0.5291005291005291,0.6342794020720209
2013,Burkina Faso,1,0.9523809523809522,0.7419846104299724
2013,Canada,0,0.4391534391534391,0.3064379601167475
2013,Chile,0,0.31746031746031744,0.18714642325581343
2013,Colombia,0,0.5925925925925926,0.6110682835155866
2013,Costa Rica,0,0.48148148148148145,0.1705130378883966
2013,Cyprus,0,0.21164021164021163,0.25513961419069037
2013,Denmark,0,0.4444444444444444,0.15455810656578667
2013,Finland,0,0.30158730158730157,0.19153473984978708
2013,France,0,0.4338624338624339,0.19242647635708715
2013,Georgia,1,0.6031746031746031,0.7073225588370746
2013,Germany,0,0.3862433862433862,0.18941976448165232
2013,Greece,0,0.7724867724867724,0.19304957060640177
2013,Guatemala,1,0.5343915343915343,0.777781959206619
2013,Guyana,0,0.5714285714285715,0.7266335673236445
2013,Iceland,0,0.24338624338624337,0.23688910199304086
2013,Ireland,0,0.12698412698412698,0.18563223378088808
2013,Israel,0,0.5555555555555555,0.4719006668609966
2013,Italy,0,0.4126984126984126,0.2292075608306279
2013,Jamaica,0,0.19576719576719573,0.3434666159295566
2013,Japan,0,0.8095238095238096,0.30793728687606026
2013,Kenya,0,0.7830687830687829,0.847986159762346
2013,Latvia,0,0.25925925925925924,0.28608673696646236
2013,Lesotho,1,0.7830687830687831,0.7086992339442729
2013,Liberia,0,0.8201058201058201,0.7054011055687595
2013,Lithuania,0,0.07936507936507936,0.2893194136475256
2013,Luxembourg,0,0.22751322751322753,0.21577562387348947
2013,Malawi,0,0.7513227513227513,0.7995890118607664
2013,Mauritius,1,0.708994708994709,0.46324567253306054
2013,Mexico,0,0.7619047619047619,0.6947613694048682
2013,Mongolia,1,0.5714285714285714,0.5775526691821679
2013,Namibia,0,0.5714285714285714,0.6502241317968284
2013,Netherlands,0,0.2698412698412698,0.2089232148749333
2013,New Zealand,0,0.24338624338624337,0.19577436942539653
2013,Niger,1,0.9894179894179894,0.7228964691900392
2013,Nigeria,0,0.7830687830687831,0.8503634050887031
2013,Norway,0,0.07936507936507936,0.18283608367602489
2013,Paraguay,0,0.582010582010582,0.75858219553541
2013,Philippines,1,0.8148148148148148,0.8451715801202294
2013,Poland,1,0.3650793650793651,0.19209130070801073
2013,Portugal,0,0.31216931216931215,0.19705863669982512
2013,Romania,0,0.30158730158730157,0.6026598231092071
2013,Senegal,0,0.8412698412698413,0.5003248613341614
2013,Sierra Leone,0,0.3333333333333333,0.8543121167564927
2013,South Africa,0,0.6507936507936508,0.4066304836036488
2013,Spain,0,0.3386243386243386,0.21172663644941556
2013,Sweden,0,0.0582010582010582,0.16017167930746776
2013,Switzerland,0,0.12698412698412698,0.1709810912365824
2013,Taiwan,0,0.6878306878306878,0.33312655410606395
2013,Trinidad and Tobago,0,0.31746031746031744,0.38138236560749844
2013,Tunisia,1,0.7142857142857143,0.43541121406024297
2013,United Kingdom,0,0.2486772486772487,0.22892587880608684
2013,United States of America,0,0.6190476190476191,0.1735143640944593
2013,Uruguay,0,0.3386243386243386,0.16622176190560967
2014,Albania,0,0.9206349206349206,0.837177845395354
2014,Argentina,0,0.39153439153439146,0.38356924201954246
2014,Australia,0,0.3650793650793651,0.22796991848259682
2014,Belgium,0,0.3862433862433862,0.1722467228271336
2014,Benin,1,0.6349206349206349,0.7236678280550717
2014,Bhutan,0,0.8148148148148149,0.7769769562079384
2014,Bosnia and Herzegovina,0,0.9629629629629629,0.7935237990285329
2014,Botswana,1,0.4814814814814814,0.5095879286029275
2014,Brazil,1,0.5978835978835978,0.2091979897522007
2014,Bulgaria,0,0.5079365079365079,0.5984613656286809
2014,Canada,0,0.39153439153439157,0.30517164268345576
2014,Chile,0,0.48677248677248675,0.18354898969108518
2014,Colombia,0,0.7777777777777778,0.5877672500243247
2014,Costa Rica,0,0.4708994708994709,0.16650649223941502
2014,Cyprus,0,0.20105820105820105,0.2502668756172022
2014,Denmark,0,0.09523809523809523,0.1502402801654097
2014,Ecuador,0,0.9312169312169312,0.8188367855536469
2014,Finland,0,0.13756613756613756,0.18650617584191925
2014,France,0,0.41269841269841273,0.18832857848951565
2014,Georgia,1,0.6984126984126985,0.6457706715239764
2014,Germany,0,0.4338624338624338,0.18948459348243712
2014,Greece,0,0.7513227513227513,0.18653612330297417
2014,Guatemala,1,0.5132275132275131,0.77148888308762
2014,Guyana,1,0.5555555555555555,0.7212462807949348
2014,Iceland,0,0.20105820105820105,0.2300772305595795
2014,Ireland,0,0.10582010582010581,0.1805550140654861
2014,Israel,0,0.5714285714285713,0.46119075554234074
2014,Italy,1,0.4338624338624338,0.22220811613606967
2014,Jamaica,0,0.32804232804232797,0.341953439334319
2014,Japan,0,0.5714285714285715,0.2961089805849928
2014,Kenya,0,0.693121693121693,0.8359392621814218
2014,Latvia,0,0.20634920634920637,0.2758690508768717
2014,Lesotho,1,0.7037037037037037,0.701926515861696
2014,Liberia,0,0.7777777777777778,0.7015878238041431
2014,Lithuania,0,0.047619047619047616,0.27615621567440896
2014,Luxembourg,0,0.3280423280423281,0.2090928043366369
2014,Malawi,0,0.8306878306878307,0.8088760190864291
2014,Mali,1,0.7513227513227513,0.8493633026581643
2014,Mexico,0,0.7513227513227513,0.683689023171217
2014,Mongolia,1,0.5555555555555556,0.5687838404820174
2014,Namibia,0,0.8253968253968255,0.630546334037213
2014,Nepal,0,0.8359788359788359,0.8011573770612295
2014,Netherlands,0,0.3386243386243386,0.2024645544344783
2014,New Zealand,0,0.24338624338624337,0.1914872674100684
2014,Niger,1,0.9947089947089948,0.6751486576096375
2014,Nigeria,0,0.8888888888888888,0.840935676171482
2014,Norway,0,0.2169312169312169,0.17508143176312346
2014,Paraguay,0,0.44973544973544977,0.7344779326113816
2014,Philippines,1,0.8359788359788359,0.839313260174079
2014,Poland,1,0.20634920634920637,0.19378242101204413
2014,Portugal,0,0.2962962962962963,0.19304914712515275
2014,Romania,0,0.32275132275132273,0.5846737787329992
2014,Senegal,0,0.8253968253968255,0.49219825921405475
2014,Sierra Leone,0,0.43915343915343913,0.84801289872918
2014,South Africa,0,0.5132275132275133,0.40684881821344826
2014,Spain,0,0.34920634920634924,0.20819541597162528
2014,Sweden,0,0.13227513227513227,0.1568676389384625
2014,Switzerland,0,0.1111111111111111,0.16759733238004101
2014,Taiwan,0,0.7724867724867724,0.3220473228057069
2014,Trinidad and Tobago,0,0.35978835978835977,0.3697952750535313
2014,United Kingdom,1,0.22751322751322753,0.2260195277564026
2014,United States of America,0,0.5343915343915343,0.17299973307324323
2014,Uruguay,0,0.5026455026455027,0.1631189467618203
2015,Albania,0,0.8306878306878307,0.8226290016457204
2015,Argentina,0,0.3068783068783068,0.38534325292981664
2015,Australia,0,0.41798941798941797,0.2349545788135998
2015,Belgium,0,0.41798941798941797,0.18316762838765716
2015,Benin,1,0.7513227513227513,0.6886218036230853
2015,Bhutan,0,0.724867724867725,0.7634566650720845
2015,Bosnia and Herzegovina,0,0.8359788359788359,0.7815624701915794
2015,Bulgaria,0,0.4867724867724868,0.5855182497881659
2015,Canada,0,0.3333333333333333,0.3153181978888603
2015,Chile,0,0.41269841269841273,0.19553613696892644
2015,Colombia,0,0.6878306878306879,0.5765490227595622
2015,Costa Rica,0,0.42857142857142855,0.1773096622545178
2015,Cyprus,0,0.32275132275132273,0.25756152546831607
2015,Denmark,0,0.1693121693121693,0.16095523371227555
2015,Ecuador,0,0.9470899470899471,0.8018572811349447
2015,Finland,0,0.13756613756613756,0.2037579489603862
2015,France,0,0.37566137566137564,0.2002093394710376
2015,Georgia,1,0.6613756613756614,0.6144217304270407
2015,Germany,0,0.2486772486772487,0.2025567260990843
2015,Greece,1,0.5767195767195766,0.20032028421381803
2015,Guatemala,1,0.7883597883597884,0.7528174196056493
2015,Guinea-Bissau,0,0.9206349206349206,0.8995407305198221
2015,Guyana,1,0.6031746031746033,0.6922806573714426
2015,Iceland,0,0.20634920634920637,0.2392935463376441
2015,Ireland,0,0.2486772486772487,0.19073747272493718
2015,Israel,0,0.566137566137566,0.45939949951300824
2015,Italy,1,0.38095238095238093,0.2298354929628685
2015,Jamaica,0,0.25925925925925924,0.3413046803633757
2015,Japan,0,0.3544973544973545,0.3020035816849135
2015,Kenya,0,0.6507936507936508,0.8203883204774511
2015,Latvia,0,0.25925925925925924,0.2809571733534435
2015,Liberia,0,0.6084656084656085,0.6914619664720089
2015,Lithuania,0,0.2169312169312169,0.28169186756757447
2015,Luxembourg,0,0.07407407407407407,0.2187422450613111
2015,Malawi,0,0.6349206349206349,0.7970936383132051
2015,Mali,1,0.978835978835979,0.8312933289084603
2015,Mexico,1,0.7724867724867724,0.664855471553587
2015,Mongolia,1,0.6507936507936508,0.5598980142351926
2015,Namibia,0,0.7513227513227513,0.5947560841188986
2015,Nepal,0,0.947089947089947,0.7031583798662243
2015,Netherlands,0,0.14814814814814814,0.21292472030905496
2015,New Zealand,0,0.20105820105820105,0.20223153297321264
2015,Nigeria,0,0.9047619047619048,0.8137039810655192
2015,Norway,0,0.05291005291005291,0.18353256615888028
2015,Paraguay,0,0.6243386243386243,0.7220556457104708
2015,Philippines,1,0.8095238095238094,0.8245867733456593
2015,Poland,1,0.48677248677248675,0.2082212538822019
2015,Portugal,0,0.20105820105820105,0.20228941231022174
2015,Romania,0,0.4603174603174603,0.5593341456119293
2015,Senegal,0,0.6190476190476191,0.48390187031916776
2015,Seychelles,0,0.9153439153439153,0.8499512838655159
2015,Sierra Leone,0,0.5238095238095238,0.8343423289929344
2015,South Africa,0,0.5238095238095238,0.4111354403759797
2015,South Korea,1,0.8412698412698413,0.509322080413819
2015,Spain,0,0.4708994708994709,0.22489879649004138
2015,Sri Lanka,0,0.9312169312169312,0.8962348791456027
2015,Sweden,0,0.05291005291005291,0.1671804590963656
2015,Switzerland,0,0.13227513227513227,0.17732021404177864
2015,Taiwan,0,0.6931216931216931,0.32644046894507384
2015,Trinidad and Tobago,0,0.42328042328042326,0.3656997303035425
2015,United Kingdom,1,0.2698412698412698,0.2375630106362083
2015,United States of America,0,0.4656084656084656,0.18501973079174122
2015,Uruguay,0,0.30158730158730157,0.17730770424298886
2016,Albania,0,0.7849462365591399,0.8081703915712407
2016,Argentina,0,0.3602150537634408,0.3993495565859634
2016,Australia,0,0.3870967741935483,0.24876817154936434
2016,Belgium,0,0.521505376344086,0.19909404855177099
2016,Benin,1,0.7903225806451614,0.6407807843161214
2016,Bhutan,0,0.6129032258064516,0.7426983645137012
2016,Bosnia and Herzegovina,0,0.7688172043010754,0.7692191726924525
2016,Bulgaria,0,0.44086021505376344,0.5841472697671063
2016,Burkina Faso,1,0.7258064516129031,0.9077471821513898
2016,Canada,0,0.3870967741935483,0.3323955626416159
2016,Chile,0,0.532258064516129,0.2152282530675251
2016,Colombia,0,0.7150537634408601,0.5642304699045448
2016,Costa Rica,0,0.23118279569892475,0.19303736492241505
2016,Cyprus,0,0.3709677419354838,0.26622659485394934
2016,Denmark,0,0.08602150537634408,0.17662377397763132
2016,Ecuador,0,0.9623655913978495,0.7924713732924844
2016,Finland,0,0.08602150537634408,0.23245378743474768
2016,France,0,0.5591397849462366,0.21935889015753532
2016,Georgia,1,0.6666666666666666,0.6005824863710493
2016,Germany,0,0.16666666666666666,0.21939453705241613
2016,Greece,1,0.456989247311828,0.22210059854146535
2016,Guatemala,1,0.8870967741935484,0.727333598443031
2016,Guinea-Bissau,0,0.946236559139785,0.8818261803507874
2016,Guyana,1,0.6236559139784946,0.6308127014348897
2016,Iceland,0,0.11827956989247312,0.2526754566318106
2016,Ireland,0,0.24731182795698925,0.2057411306318512
2016,Israel,0,0.564516129032258,0.46318904400685085
2016,Italy,1,0.3763440860215053,0.2465704734808723
2016,Ivory Coast,1,0.9086021505376344,0.8610931264792197
2016,Jamaica,0,0.39247311827956993,0.3477817849966426
2016,Japan,0,0.4946236559139785,0.3198359204325205
2016,Kenya,0,0.6129032258064516,0.7827185924974328
2016,Latvia,0,0.2903225806451613,0.2868270615939268
2016,Liberia,0,0.510752688172043,0.6788387257167756
2016,Lithuania,0,0.25268817204301075,0.29034280521525424
2016,Luxembourg,0,0.04301075268817204,0.233577948840873
2016,Malawi,0,0.6290322580645161,0.7735902194038551
2016,Mali,1,0.978494623655914,0.848045331214106
2016,Mexico,1,0.6774193548387096,0.6366654289343732
2016,Namibia,0,0.7795698924731184,0.5372052550930947
2016,Nepal,0,0.8655913978494624,0.791087843148076
2016,Netherlands,0,0.24193548387096775,0.22674445436555224
2016,New Zealand,0,0.40860215053763443,0.22061711868373865
2016,Nigeria,0,0.9193548387096774,0.7744056001930606
2016,Norway,0,0.09677419354838708,0.19688402566741486
2016,Paraguay,0,0.575268817204301,0.7127253086429847
2016,Portugal,0,0.15591397849462366,0.21688588817502147
2016,Romania,1,0.44086021505376344,0.517551660036344
2016,Senegal,1,0.489247311827957,0.4759280277119166
2016,Seychelles,0,0.8548387096774194,0.8223478572491333
2016,Sierra Leone,0,0.596774193548387,0.8127789839653735
2016,South Africa,0,0.5913978494623656,0.41861619513846915
2016,South Korea,1,0.8870967741935484,0.5141195242983111
2016,Spain,0,0.40860215053763443,0.2508427822983543
2016,Sri Lanka,0,0.8655913978494624,0.8119793627670773
2016,Sweden,0,0.06989247311827956,0.18310341040850406
2016,Switzerland,0,0.22043010752688172,0.19589106618180688
2016,Taiwan,0,0.6881720430107526,0.34021567479500264
2016,Trinidad and Tobago,0,0.2903225806451613,0.3672971436592451
2016,United Kingdom,1,0.22580645161290325,0.25613715671180265
2016,United States of America,0,0.3817204301075268,0.19690535527319425
2016,Uruguay,0,0.2795698924731183,0.2005311623650717
2017,Albania,0,0.9166666666666666,0.7904335401321079
2017,Argentina,0,0.3888888888888889,0.40555167101404943
2017,Australia,0,0.3277777777777778,0.2590938689920897
2017,Belgium,0,0.5000000000000001,0.21033857003201117
2017,Benin,1,0.6999999999999998,0.5887770020738173
2017,Bhutan,0,0.6833333333333332,0.740979434756545
2017,Bosnia and Herzegovina,0,0.7166666666666667,0.7427464988144329
2017,Bulgaria,0,0.5444444444444444,0.5393246893467468
2017,Burkina Faso,1,0.8055555555555555,0.6262756938920623
2017,Canada,0,0.39999999999999997,0.3147894796036705
2017,Chile,0,0.6222222222222222,0.22575215113274666
2017,Colombia,0,0.5944444444444444,0.5489376673050825
2017,Costa Rica,0,0.4611111111111111,0.20641780976181895
2017,Cyprus,0,0.5388888888888889,0.2726140636522733
2017,Denmark,0,0.10555555555555556,0.19099001094481782
2017,Ecuador,0,0.9611111111111111,0.7702964274034076
2017,Finland,0,0.3111111111111111,0.23686540707037335
2017,France,0,0.6055555555555555,0.23003187478975892
2017,Germany,0,0.17222222222222225,0.2291283025666559
2017,Greece,1,0.3333333333333333,0.23350500181850997
2017,Guatemala,1,0.8388888888888889,0.6786930054744433
2017,Guyana,1,0.4444444444444444,0.6340265437814202
2017,Iceland,0,0.07222222222222222,0.2655883529617132
2017,Ireland,0,0.14444444444444446,0.2240484086845794
2017,Israel,0,0.5444444444444445,0.45344874832035253
2017,Italy,1,0.4444444444444444,0.25323674566548204
2017,Ivory Coast,1,0.8999999999999999,0.8159236751170801
2017,Jamaica,0,0.3055555555555555,0.35117786635164266
2017,Japan,0,0.35555555555555557,0.3266520095114882
2017,Latvia,0,0.2833333333333333,0.2918086975568833
2017,Liberia,0,0.7555555555555555,0.6621789790373988
2017,Lithuania,0,0.1111111111111111,0.29962357618614294
2017,Luxembourg,0,0.09444444444444444,0.24382099821323933
2017,Malawi,0,0.5111111111111111,0.7619843718532753
2017,Mali,1,0.9500000000000001,0.7454736568563116
2017,Mexico,1,0.7277777777777777,0.6280409684856297
2017,Namibia,0,0.7444444444444445,0.5459856479934176
2017,Nepal,0,0.9777777777777779,0.5797569795550335
2017,Netherlands,0,0.25,0.23711456984331544
2017,New Zealand,0,0.36111111111111116,0.22901625944754567
2017,Nigeria,0,0.85,0.7630298442341652
2017,North Macedonia,0,0.9666666666666667,0.8837691533605266
2017,Norway,0,0.1111111111111111,0.21654669615230795
2017,Paraguay,0,0.45555555555555555,0.6933543982304683
2017,Portugal,0,0.24444444444444446,0.23216682717915765
2017,Romania,1,0.49444444444444446,0.48754990898412015
2017,Senegal,1,0.5166666666666667,0.4555337786209526
2017,Seychelles,0,0.7611111111111111,0.7683507919076635
2017,Sierra Leone,0,0.6277777777777778,0.7944969516511825
2017,South Africa,0,0.5055555555555555,0.41387695729979473
2017,South Korea,1,0.8833333333333333,0.5772788360567099
2017,Spain,0,0.2833333333333334,0.25708466400787566
2017,Sri Lanka,0,0.7444444444444445,0.8061391873053152
2017,Sweden,0,0.07222222222222223,0.19639448427635392
2017,Switzerland,0,0.22777777777777777,0.20718421348464922
2017,Taiwan,0,0.7388888888888889,0.3226969368547752
2017,Trinidad and Tobago,0,0.3277777777777778,0.376619170914443
2017,United Kingdom,1,0.3055555555555556,0.27039951651917177
2017,United States of America,0,0.5222222222222223,0.2002822748491068
2017,Uruguay,0,0.35555555555555557,0.20572426079617734
2018,Albania,0,0.907103825136612,0.7645000924153891
2018,Argentina,0,0.5300546448087432,0.43339882611269087
2018,Armenia,1,0.9180327868852459,0.9410604380473745
2018,Australia,0,0.30054644808743175,0.2475920900817479
2018,Belgium,0,0.5956284153005464,0.21438780388222384
2018,Bhutan,0,0.633879781420765,0.7184224916559286
2018,Bosnia and Herzegovina,0,0.6994535519125682,0.7297383137244622
2018,Bulgaria,0,0.4863387978142076,0.5772574091441048
2018,Canada,0,0.36612021857923494,0.32354287046940927
2018,Chile,0,0.6065573770491803,0.21992164852597665
2018,Colombia,0,0.7213114754098361,0.531396899164155
2018,Costa Rica,0,0.45901639344262296,0.20721845118420307
2018,Cyprus,0,0.4972677595628416,0.2779348406990473
2018,Denmark,0,0.03825136612021857,0.19330249745527725
2018,Ecuador,0,0.9781420765027322,0.8011442000805944
2018,Finland,0,0.3114754098360656,0.25812552592036775
2018,France,0,0.5355191256830601,0.22716933129415967
2018,Germany,0,0.1912568306010929,0.22815160958537664
2018,Greece,1,0.26775956284153,0.23869512133156948
2018,Guinea-Bissau,1,0.8415300546448087,0.8085346323597788
2018,Guyana,1,0.4644808743169399,0.587120274037785
2018,Iceland,0,0.11475409836065574,0.27050602040534494
2018,Ireland,0,0.18579234972677594,0.22526224722789515
2018,Israel,0,0.37158469945355194,0.4595213467363334
2018,Italy,1,0.40437158469945356,0.2514777612789215
2018,Ivory Coast,1,0.907103825136612,0.8045027660358124
2018,Jamaica,0,0.4098360655737705,0.3416994893829348
2018,Japan,0,0.25136612021857924,0.32826787137298297
2018,Latvia,0,0.27868852459016397,0.29467903945087787
2018,Lesotho,0,0.9289617486338798,0.7824118812166592
2018,Liberia,0,0.6775956284153004,0.6498676554547735
2018,Lithuania,0,0.12568306010928962,0.31581032039962065
2018,Luxembourg,0,0.03278688524590164,0.2458152912034197
2018,Malawi,0,0.551912568306011,0.7389717184986674
2018,Mexico,1,0.7923497267759562,0.6327085831347258
2018,Moldova,1,0.8579234972677595,0.7477882203699577
2018,Namibia,0,0.6830601092896176,0.4724483572471146
2018,Nepal,0,0.9344262295081966,0.5737050016645323
2018,Netherlands,0,0.12568306010928962,0.2389735670393697
2018,New Zealand,0,0.2568306010928962,0.24193142550432908
2018,Nigeria,0,0.819672131147541,0.7310191329864955
2018,North Macedonia,0,0.9890710382513661,0.8326876689577981
2018,Norway,0,0.18579234972677597,0.21355971342707322
2018,Paraguay,0,0.5519125683060109,0.6698192487982565
2018,Portugal,0,0.23497267759562843,0.22589710457228726
2018,Romania,1,0.5573770491803279,0.4922462421997914
2018,Senegal,1,0.5245901639344263,0.4719895523148372
2018,Seychelles,0,0.6721311475409836,0.748853015205179
2018,Sierra Leone,0,0.7213114754098361,0.7953601803349496
2018,South Africa,0,0.459016393442623,0.43630221094339516
2018,South Korea,1,0.7759562841530054,0.41797280039187246
2018,Spain,0,0.2568306010928962,0.2896225706265309
2018,Sri Lanka,0,0.7814207650273225,0.727362588676852
2018,Sweden,0,0.10382513661202186,0.19595988630501632
2018,Switzerland,0,0.16393442622950818,0.21225320539674394
2018,Taiwan,0,0.45901639344262296,0.3202321730456348
2018,The Gambia,0,0.7486338797814208,0.930563897627614
2018,Trinidad and Tobago,0,0.41530054644808745,0.3558560938668066
2018,United Kingdom,1,0.48087431693989063,0.2718100990889425
2018,United States of America,0,0.540983606557377,0.23693817892447513
2018,Uruguay,0,0.3169398907103825,0.22532819021754535
2019,Albania,0,0.8160919540229884,0.7611884106735071
2019,Argentina,1,0.5919540229885057,0.41773532669412283
2019,Armenia,1,0.896551724137931,0.9371208667826111
2019,Australia,0,0.3448275862068965,0.24548955616671916
2019,Belgium,0,0.5804597701149425,0.22502774140333692
2019,Bhutan,0,0.5574712643678161,0.7255834514245694
2019,Bosnia and Herzegovina,0,0.6494252873563219,0.7480864045809141
2019,Bulgaria,0,0.3908045977011494,0.5830232978828854
2019,Canada,0,0.26436781609195403,0.30917927383651145
2019,Chile,0,0.48850574712643674,0.22749317181118284
2019,Colombia,0,0.660919540229885,0.5370849055366818
2019,Costa Rica,0,0.3620689655172414,0.22838584350698898
2019,Cyprus,0,0.4310344827586207,0.2917789520589504
2019,Denmark,0,0.0574712643678161,0.20526068853146645
2019,Ecuador,0,0.9597701149425287,0.6949484453219327
2019,Finland,0,0.3735632183908046,0.25542723300141185
2019,France,0,0.48850574712643674,0.24428850120967352
2019,Germany,0,0.19540229885057472,0.23974964412843142
2019,Greece,1,0.2413793103448276,0.26557275443408207
2019,Guinea-Bissau,1,0.925287356321839,0.794597087139219
2019,Iceland,0,0.16666666666666666,0.25977713099537225
2019,Ireland,0,0.1264367816091954,0.23927051470311975
2019,Israel,0,0.3620689655172414,0.4768270390869983
2019,Ivory Coast,1,0.896551724137931,0.7479752214021265
2019,Jamaica,0,0.3505747126436782,0.3503356449583041
2019,Japan,0,0.2413793103448276,0.3241725421276033
2019,Latvia,0,0.25862068965517243,0.2984381376024137
2019,Lesotho,0,0.9885057471264368,0.6958382401712221
2019,Liberia,0,0.6264367816091955,0.6417969977354974
2019,Lithuania,0,0.16091954022988506,0.3215824866716043
2019,Luxembourg,0,0.06896551724137931,0.2547776251463886
2019,Maldives,0,0.8850574712643677,0.9316085838189367
2019,Mexico,1,0.6666666666666666,0.5922648136590017
2019,Moldova,1,0.8505747126436781,0.8022897353283508
2019,Namibia,0,0.5,0.48330504971487076
2019,Nepal,0,0.8505747126436782,0.5614512029442147
2019,Netherlands,0,0.2931034482758621,0.24579339822110394
2019,New Zealand,0,0.3563218390804597,0.24161258049951173
2019,Nigeria,0,0.7528735632183908,0.7068730108814848
2019,North Macedonia,0,0.9482758620689656,0.8207801452727573
2019,Norway,0,0.22988505747126434,0.24172915356261993
2019,Paraguay,0,0.5229885057471264,0.6844929777735128
2019,Portugal,0,0.19540229885057472,0.2299152234984831
2019,Romania,1,0.6149425287356322,0.5106934840069646
2019,Senegal,1,0.5747126436781609,0.490767806038972
2019,Seychelles,0,0.6091954022988506,0.6832794975153788
2019,Sierra Leone,0,0.7126436781609194,0.7668224420961213
2019,South Africa,0,0.47126436781609193,0.41707194589266217
2019,Spain,0,0.5459770114942529,0.29921901714867294
2019,Sri Lanka,0,0.8103448275862069,0.6326181445416192
2019,Sweden,0,0.09195402298850575,0.20811842020199642
2019,Switzerland,0,0.14367816091954022,0.22325571728654556
2019,Taiwan,0,0.6264367816091954,0.2948726332129334
2019,The Gambia,0,0.5977011494252874,0.9199690999784285
2019,Trinidad and Tobago,0,0.3850574712643678,0.37487505934651416
2019,Ukraine,1,0.9597701149425287,0.8818783285504918
2019,United States of America,1,0.6264367816091955,0.2582449500338857
2019,Uruguay,0,0.15517241379310345,0.22871213139780056
2020,Albania,0,0.8787878787878788,0.7544631342387867
2020,Argentina,1,0.6,0.4349455059617622
2020,Australia,0,0.3575757575757576,0.29412124312596233
2020,Belgium,0,0.3878787878787879,0.23665167400278894
2020,Bhutan,0,0.5090909090909091,0.686211613751359
2020,Bosnia and Herzegovina,0,0.6484848484848484,0.7434227984368649
2020,Brazil,0,0.7090909090909091,0.44336446547383584
2020,Bulgaria,0,0.6787878787878787,0.633722473325304
2020,Canada,0,0.41818181818181815,0.3067896422996945
2020,Chile,0,0.5818181818181819,0.27481522348018006
2020,Colombia,0,0.6909090909090909,0.5517850792212305
2020,Costa Rica,0,0.3272727272727273,0.2429927521490672
2020,Cyprus,0,0.42424242424242425,0.2961811699675361
2020,Denmark,0,0.10303030303030303,0.21950935922966347
2020,Ecuador,0,0.7333333333333334,0.7051729276935905
2020,Finland,0,0.23030303030303031,0.26655964479765015
2020,France,0,0.5636363636363636,0.26057566416734146
2020,Germany,0,0.21212121212121207,0.2509599359246187
2020,Guinea-Bissau,1,0.9212121212121213,0.7809739726739262
2020,Iceland,0,0.048484848484848485,0.2857308656378078
2020,Ireland,0,0.13333333333333333,0.25487018544828705
2020,Israel,0,0.45454545454545453,0.5033307287250173
2020,Jamaica,0,0.3575757575757576,0.3482033413412235
2020,Japan,0,0.23636363636363636,0.3330964323469459
2020,Latvia,0,0.28484848484848485,0.3213160200473634
2020,Lesotho,0,0.9818181818181818,0.750822907218817
2020,Liberia,0,0.8242424242424242,0.6347284686969004
2020,Lithuania,0,0.19999999999999998,0.3445374333627494
2020,Luxembourg,0,0.15151515151515152,0.2690616717990117
2020,Malawi,0,0.5696969696969697,0.7720617105449069
2020,Maldives,0,0.7515151515151515,0.8564733888223489
2020,Moldova,1,0.9212121212121213,0.7741156453607428
2020,Namibia,0,0.5696969696969697,0.5187984304112794
2020,Nepal,0,0.793939393939394,0.5922836966956089
2020,Netherlands,0,0.2787878787878788,0.2671162999905577
2020,New Zealand,0,0.40606060606060607,0.2597867662381533
2020,Nigeria,0,0.7575757575757577,0.7264936689832345
2020,North Macedonia,0,0.9636363636363635,0.6984675392364951
2020,Norway,0,0.2545454545454546,0.25108230784652114
2020,Paraguay,0,0.5878787878787879,0.6643892765889385
2020,Portugal,0,0.15151515151515152,0.24434518011075812
2020,Romania,1,0.5151515151515151,0.5270739830352298
2020,Senegal,1,0.7636363636363637,0.5311615911302525
2020,Seychelles,0,0.6121212121212122,0.6721372952422449
2020,Sierra Leone,0,0.5757575757575758,0.7507503572155294
2020,South Africa,0,0.5696969696969697,0.45842897720763837
2020,Spain,0,0.5212121212121212,0.30593457022406434
2020,Sri Lanka,0,0.7757575757575758,0.6912211436139444
2020,Sweden,0,0.07272727272727272,0.2288000985045565
2020,Switzerland,0,0.1272727272727273,0.2362972472992501
2020,Taiwan,0,0.5454545454545454,0.30158790642206335
2020,Trinidad and Tobago,0,0.3090909090909091,0.37931750253063795
2020,Ukraine,1,0.9333333333333332,0.8259921598223353
2020,United States of America,1,0.8424242424242424,0.32673488682698626
2020,Uruguay,0,0.1818181818181818,0.23689976259911957
