origin,learner,country_name,y,p
2010,gb,Albania,0,0.011616503928974483
2010,gb,Argentina,0,9.898497197640579e-05
2010,gb,Australia,0,2.374266115424197e-05
2010,gb,Belgium,0,1.815090201738799e-05
2010,gb,Benin,0,7.259117656230802e-05
2010,gb,Burkina Faso,0,6.332325295925241e-05
2010,gb,Bulgaria,0,5.1205500501822484e-05
2010,gb,Bolivia,0,0.07294621084271624
2010,gb,Brazil,0,1.668199924637507e-05
2010,gb,Bhutan,0,0.11126940304851989
2010,gb,Botswana,0,2.5150895334002977e-05
2010,gb,Canada,0,0.0003870708696376534
2010,gb,Chile,0,1.5149592290058447e-05
2010,gb,Colombia,0,0.0801780012325138
2010,gb,Costa Rica,0,4.3222667762104354e-05
2010,gb,Cyprus,0,3.1833004922185745e-05
2010,gb,Germany,0,7.15446469355677e-05
2010,gb,Denmark,0,1.6004123015887852e-05
2010,gb,Ecuador,0,0.8808128903088869
2010,gb,Spain,0,1.4550412075708081e-05
2010,gb,Finland,0,2.9927114391805808e-05
2010,gb,France,0,3.722943587786979e-05
2010,gb,United Kingdom,0,5.9612040438093904e-05
2010,gb,Ghana,0,1.671212787694484e-05
2010,gb,Greece,0,4.816507227457941e-05
2010,gb,Guyana,0,0.0001990740231278301
2010,gb,Indonesia,0,5.176819839277507e-06
2010,gb,India,1,2.323794047116524e-05
2010,gb,Israel,0,0.00027020669041787147
2010,gb,Italy,0,9.18921909064182e-06
2010,gb,Jamaica,0,0.012636066449552905
2010,gb,Japan,0,3.1654270301543817e-06
2010,gb,South Korea,0,0.002314352801339024
2010,gb,Liberia,0,0.0006324010426190254
2010,gb,Lesotho,0,0.0016979592099101149
2010,gb,Luxembourg,0,5.240247544714522e-05
2010,gb,Mexico,0,3.1441405596024925e-05
2010,gb,Mali,0,0.0003144725350810398
2010,gb,Mongolia,0,7.352535736735415e-06
2010,gb,Mauritius,0,4.452798432397803e-05
2010,gb,Malawi,0,0.0048125604660981085
2010,gb,Namibia,0,0.00031896497795502266
2010,gb,Norway,0,1.3158508420775714e-05
2010,gb,Nepal,0,0.003079796147708087
2010,gb,Philippines,0,0.011592933575431301
2010,gb,Poland,1,7.964324774748324e-06
2010,gb,Portugal,0,3.4531023224884146e-06
2010,gb,Paraguay,0,1.8838833149719477e-05
2010,gb,Romania,0,0.0029477492189810208
2010,gb,Senegal,0,5.458705737879297e-05
2010,gb,Sierra Leone,0,0.020296094481882798
2010,gb,Serbia,1,1.1124676097722572e-05
2010,gb,Sweden,0,3.250823773562271e-05
2010,gb,Trinidad and Tobago,0,6.758125522884082e-05
2010,gb,Türkiye,1,0.024230936443027217
2010,gb,United States of America,0,8.493152928941662e-05
2010,gb,South Africa,0,4.416184707190702e-06
2010,gb,Zambia,1,0.0009546968736558949
2010,rf,Albania,0,0.17488743564909087
2010,rf,Argentina,0,0.0653460217242338
2010,rf,Australia,0,0.05451374398613682
2010,rf,Belgium,0,0.04463827452264238
2010,rf,Benin,0,0.06622161340460671
2010,rf,Burkina Faso,0,0.12029543913801988
2010,rf,Bulgaria,0,0.07957332644621952
2010,rf,Bolivia,0,0.2780231550374966
2010,rf,Brazil,0,0.047558476261578234
2010,rf,Bhutan,0,0.4436980036788452
2010,rf,Botswana,0,0.05166526926259268
2010,rf,Canada,0,0.05184894313255524
2010,rf,Chile,0,0.027210430619469525
2010,rf,Colombia,0,0.27915915444697575
2010,rf,Costa Rica,0,0.07441920992693105
2010,rf,Cyprus,0,0.057090566327355576
2010,rf,Germany,0,0.08422990006211299
2010,rf,Denmark,0,0.033385595882483084
2010,rf,Ecuador,0,0.6200278930669879
2010,rf,Spain,0,0.06944660363687753
2010,rf,Finland,0,0.011052457346574993
2010,rf,France,0,0.1640933192238107
2010,rf,United Kingdom,0,0.0686301553901552
2010,rf,Ghana,0,0.01136217948717949
2010,rf,Greece,0,0.1197601161565057
2010,rf,Guyana,0,0.10066855360498804
2010,rf,Indonesia,0,0.04782660307690707
2010,rf,India,1,0.1110032779926597
2010,rf,Israel,0,0.09656077455576885
2010,rf,Italy,0,0.020370151803228032
2010,rf,Jamaica,0,0.1396402204285576
2010,rf,Japan,0,0.04566216419331729
2010,rf,South Korea,0,0.17339994020099309
2010,rf,Liberia,0,0.22072746653241204
2010,rf,Lesotho,0,0.1473458918416908
2010,rf,Luxembourg,0,0.052680882179993775
2010,rf,Mexico,0,0.2741364450004734
2010,rf,Mali,0,0.07184962046687242
2010,rf,Mongolia,0,0.016186117467582
2010,rf,Mauritius,0,0.08181790925008947
2010,rf,Malawi,0,0.2448698708353672
2010,rf,Namibia,0,0.07556597605588866
2010,rf,Norway,0,0.03106117907122416
2010,rf,Nepal,0,0.27548787665146446
2010,rf,Philippines,0,0.13286165704918473
2010,rf,Poland,1,0.0072499999999999995
2010,rf,Portugal,0,0.006237522281639929
2010,rf,Paraguay,0,0.06020796308954204
2010,rf,Romania,0,0.05071075372677807
2010,rf,Senegal,0,0.1266547559877484
2010,rf,Sierra Leone,0,0.09847719063951901
2010,rf,Serbia,1,0.08314034641586396
2010,rf,Sweden,0,0.02228936265234892
2010,rf,Trinidad and Tobago,0,0.10042288983423137
2010,rf,Türkiye,1,0.22323153238871477
2010,rf,United States of America,0,0.051015578500673786
2010,rf,South Africa,0,0.03816113356236819
2010,rf,Zambia,1,0.10348153945124595
2010,lr,Albania,0,0.012867581230606757
2010,lr,Argentina,0,0.018616250546081067
2010,lr,Australia,0,0.04635849166638649
2010,lr,Belgium,0,0.0015257091512112949
2010,lr,Benin,0,0.7749947495783497
2010,lr,Burkina Faso,0,0.011101640946553097
2010,lr,Bulgaria,0,0.9999740995856569
2010,lr,Bolivia,0,0.9991506921503395
2010,lr,Brazil,0,0.0061309618277594555
2010,lr,Bhutan,0,0.999798140686027
2010,lr,Botswana,0,0.26566655441145076
2010,lr,Canada,0,0.09860520724217631
2010,lr,Chile,0,0.0029490342251278965
2010,lr,Colombia,0,0.21281481121992216
2010,lr,Costa Rica,0,0.06803123982865522
2010,lr,Cyprus,0,0.00829582716935613
2010,lr,Germany,0,0.9903663538126183
2010,lr,Denmark,0,0.005180394998008872
2010,lr,Ecuador,0,0.9998925037480355
2010,lr,Spain,0,0.3479316558181249
2010,lr,Finland,0,0.0029155409200974573
2010,lr,France,0,0.9617918405451745
2010,lr,United Kingdom,0,0.11430139885415577
2010,lr,Ghana,0,0.009114042971743867
2010,lr,Greece,0,0.9990874274630027
2010,lr,Guyana,0,0.2685970154058484
2010,lr,Indonesia,0,0.018670390893826213
2010,lr,India,1,0.07810244027221735
2010,lr,Israel,0,0.20122249443478768
2010,lr,Italy,0,0.00016871267341533509
2010,lr,Jamaica,0,0.9980278120603415
2010,lr,Japan,0,0.003176206839953551
2010,lr,South Korea,0,0.9959152034683533
2010,lr,Liberia,0,0.16281704437218938
2010,lr,Lesotho,0,0.8188973573060472
2010,lr,Luxembourg,0,0.2156736093844405
2010,lr,Mexico,0,0.8397019623638142
2010,lr,Mali,0,0.4305504532299138
2010,lr,Mongolia,0,0.00029692313392670376
2010,lr,Mauritius,0,0.027253547062463752
2010,lr,Malawi,0,0.9522628367755155
2010,lr,Namibia,0,0.06606490616617798
2010,lr,Norway,0,0.00599595347075223
2010,lr,Nepal,0,0.9998538465097443
2010,lr,Philippines,0,0.9961388670352201
2010,lr,Poland,1,0.0070743970981173715
2010,lr,Portugal,0,0.0012165229446745949
2010,lr,Paraguay,0,0.016520853427491076
2010,lr,Romania,0,0.5680293857087788
2010,lr,Senegal,0,0.025123717642623392
2010,lr,Sierra Leone,0,0.8527018689374831
2010,lr,Serbia,1,0.004912215372740455
2010,lr,Sweden,0,0.0009346703583524324
2010,lr,Trinidad and Tobago,0,0.25614889200202623
2010,lr,Türkiye,1,0.9992507456508265
2010,lr,United States of America,0,0.0009821237659143704
2010,lr,South Africa,0,0.006413965556774276
2010,lr,Zambia,1,0.018597452604266183
2011,gb,Albania,0,2.0357767771400996e-05
2011,gb,Argentina,0,6.919604694544554e-05
2011,gb,Australia,0,0.0001908039993125111
2011,gb,Belgium,0,4.8184047664304325e-06
2011,gb,Benin,0,0.0004276951789942068
2011,gb,Burkina Faso,0,0.0006426854981645609
2011,gb,Bulgaria,0,0.00025757874221256355
2011,gb,Bolivia,0,0.0030389584906907814
2011,gb,Brazil,0,0.007615003546650233
2011,gb,Bhutan,0,0.11361718946680592
2011,gb,Botswana,0,0.0009387848452127098
2011,gb,Canada,0,0.00018327281736929692
2011,gb,Chile,0,8.223704366286074e-06
2011,gb,Colombia,0,0.7717211762093058
2011,gb,Costa Rica,0,6.295880443137178e-05
2011,gb,Cyprus,0,0.00027542667260169976
2011,gb,Germany,0,0.00022951926589051959
2011,gb,Denmark,0,0.00010856017305705709
2011,gb,Ecuador,0,0.7997968028203307
2011,gb,Spain,0,0.00030862049177362216
2011,gb,Finland,0,1.1078552485540298e-05
2011,gb,France,0,0.0002459493086437144
2011,gb,United Kingdom,0,2.417051679204821e-05
2011,gb,Ghana,0,4.778119892724426e-06
2011,gb,Greece,0,0.00107002352444865
2011,gb,Guyana,0,0.0012663729073437281
2011,gb,Indonesia,0,5.361868073111647e-06
2011,gb,India,1,0.0006554782375662948
2011,gb,Israel,0,0.0003947263396846515
2011,gb,Italy,0,0.0001825738601060891
2011,gb,Jamaica,0,0.01346845601425451
2011,gb,Japan,0,1.0398731306508573e-05
2011,gb,South Korea,0,0.006462813070927918
2011,gb,Liberia,0,0.0033170354961408435
2011,gb,Lesotho,0,0.0005917014895675932
2011,gb,Luxembourg,0,0.0004989749558417881
2011,gb,Mexico,0,0.007860063429162045
2011,gb,Mali,0,0.00012160282728014863
2011,gb,Mongolia,0,0.09794456986683589
2011,gb,Mauritius,0,0.00010271387284106062
2011,gb,Malawi,0,0.00012705596785056211
2011,gb,Namibia,0,3.6881579934358885e-05
2011,gb,Norway,0,4.3128636989724295e-06
2011,gb,Nepal,0,0.07925425693037198
2011,gb,Philippines,1,0.008606613028390761
2011,gb,Poland,1,0.0006866075747668729
2011,gb,Portugal,0,0.00032026410954775
2011,gb,Paraguay,0,0.00021833526824906844
2011,gb,Romania,0,0.0002819327286676394
2011,gb,Senegal,0,0.00013810236677669124
2011,gb,Sierra Leone,0,0.0021462527001331047
2011,gb,Serbia,1,0.00012097745968117896
2011,gb,Sweden,0,0.00011949240324670796
2011,gb,Trinidad and Tobago,0,0.00022469010293594776
2011,gb,Türkiye,1,0.6183899427618795
2011,gb,United States of America,0,1.1323348765855919e-05
2011,gb,South Africa,0,1.0278406573646536e-05
2011,gb,Zambia,1,0.0001869845610773241
2011,rf,Albania,0,0.1576855993014929
2011,rf,Argentina,0,0.025868389780154488
2011,rf,Australia,0,0.026776207238111263
2011,rf,Belgium,0,0.004208333333333333
2011,rf,Benin,0,0.0859224782518398
2011,rf,Burkina Faso,0,0.06512757935893944
2011,rf,Bulgaria,0,0.052313660336753776
2011,rf,Bolivia,0,0.14819740575065107
2011,rf,Brazil,0,0.08341370803326685
2011,rf,Bhutan,0,0.30859363508847826
2011,rf,Botswana,0,0.02796667322083501
2011,rf,Canada,0,0.018892225493606307
2011,rf,Chile,0,0.00849763099219621
2011,rf,Colombia,0,0.2768079271900595
2011,rf,Costa Rica,0,0.030251703439136187
2011,rf,Cyprus,0,0.04109182339508313
2011,rf,Germany,0,0.04216337198906912
2011,rf,Denmark,0,0.02702536859839181
2011,rf,Ecuador,0,0.4098071713555391
2011,rf,Spain,0,0.04495762746678886
2011,rf,Finland,0,0.014588541666666668
2011,rf,France,0,0.13845852133354153
2011,rf,United Kingdom,0,0.05553386502551558
2011,rf,Ghana,0,0.027963382484655304
2011,rf,Greece,0,0.09910658064572316
2011,rf,Guyana,0,0.057260183658790466
2011,rf,Indonesia,0,0.06228342060066172
2011,rf,India,1,0.09722591782986206
2011,rf,Israel,0,0.07219371100447818
2011,rf,Italy,0,0.027166380823174196
2011,rf,Jamaica,0,0.055116684937714704
2011,rf,Japan,0,0.13496264639635813
2011,rf,South Korea,0,0.18791780629188967
2011,rf,Liberia,0,0.19140187859933255
2011,rf,Lesotho,0,0.07577890081896765
2011,rf,Luxembourg,0,0.022159264315769672
2011,rf,Mexico,0,0.18486520691077912
2011,rf,Mali,0,0.05862655765036018
2011,rf,Mongolia,0,0.08706953891867736
2011,rf,Mauritius,0,0.07417341981894432
2011,rf,Malawi,0,0.1399420088503146
2011,rf,Namibia,0,0.0827254207130248
2011,rf,Norway,0,0.012189867424242424
2011,rf,Nepal,0,0.27914369530349
2011,rf,Philippines,1,0.0867294293190665
2011,rf,Poland,1,0.048166221939047134
2011,rf,Portugal,0,0.025241019705325808
2011,rf,Paraguay,0,0.11446066427075262
2011,rf,Romania,0,0.03178107939406361
2011,rf,Senegal,0,0.20432071191071885
2011,rf,Sierra Leone,0,0.052451421051646824
2011,rf,Serbia,1,0.06964303756909855
2011,rf,Sweden,0,0.022261082884106095
2011,rf,Trinidad and Tobago,0,0.03972913452114461
2011,rf,Türkiye,1,0.20861103269122022
2011,rf,United States of America,0,0.032464611539060065
2011,rf,South Africa,0,0.04651927715365931
2011,rf,Zambia,1,0.16314126415346777
2011,lr,Albania,0,0.1670142674200173
2011,lr,Argentina,0,0.02590182834820806
2011,lr,Australia,0,0.0020059568538862535
2011,lr,Belgium,0,0.0004101519072428941
2011,lr,Benin,0,0.09927033224340168
2011,lr,Burkina Faso,0,0.016312732355758575
2011,lr,Bulgaria,0,0.09097872539716294
2011,lr,Bolivia,0,0.7093517487334527
2011,lr,Brazil,0,0.03985530921425239
2011,lr,Bhutan,0,0.7265810632569674
2011,lr,Botswana,0,0.0739170531915758
2011,lr,Canada,0,0.07048892583550559
2011,lr,Chile,0,0.004928006203145005
2011,lr,Colombia,0,0.6788133986765924
2011,lr,Costa Rica,0,0.011163424223177086
2011,lr,Cyprus,0,0.02200607362124468
2011,lr,Germany,0,0.006371391983586348
2011,lr,Denmark,0,0.001985008149996038
2011,lr,Ecuador,0,0.535801545528193
2011,lr,Spain,0,0.02810222457708687
2011,lr,Finland,0,0.0013219538284855636
2011,lr,France,0,0.029412372600617485
2011,lr,United Kingdom,0,0.8800369087623969
2011,lr,Ghana,0,0.06651462243541602
2011,lr,Greece,0,0.9603026952998884
2011,lr,Guyana,0,0.0013584319050846665
2011,lr,Indonesia,0,0.057481397174692396
2011,lr,India,1,0.041300445562067134
2011,lr,Israel,0,0.0009288232545523991
2011,lr,Italy,0,0.002160626741810338
2011,lr,Jamaica,0,0.2026189764005047
2011,lr,Japan,0,0.06925921270738643
2011,lr,South Korea,0,0.22993085668733937
2011,lr,Liberia,0,0.05189789427965427
2011,lr,Lesotho,0,0.6222158555293533
2011,lr,Luxembourg,0,0.003483703250197609
2011,lr,Mexico,0,0.4180608683156347
2011,lr,Mali,0,0.4165907233159435
2011,lr,Mongolia,0,0.0030061888592683057
2011,lr,Mauritius,0,0.004803830394642555
2011,lr,Malawi,0,0.12792446636041435
2011,lr,Namibia,0,0.09166956113831654
2011,lr,Norway,0,0.0027252503423631762
2011,lr,Nepal,0,0.9327727699440782
2011,lr,Philippines,1,0.715298001812569
2011,lr,Poland,1,0.0012683255300362246
2011,lr,Portugal,0,0.016497838728845873
2011,lr,Paraguay,0,0.8492780208706111
2011,lr,Romania,0,0.03571991329799674
2011,lr,Senegal,0,0.14463658673634877
2011,lr,Sierra Leone,0,0.08285551518056614
2011,lr,Serbia,1,0.0030930020875385646
2011,lr,Sweden,0,0.0006088896697747803
2011,lr,Trinidad and Tobago,0,0.02841916159325934
2011,lr,Türkiye,1,0.9189756465748797
2011,lr,United States of America,0,0.01497621687675356
2011,lr,South Africa,0,0.01814251487292499
2011,lr,Zambia,1,0.03526523982715696
2012,gb,Albania,0,3.2529105260325236e-05
2012,gb,Argentina,0,7.962593825676597e-05
2012,gb,Australia,0,2.0561000224818545e-05
2012,gb,Belgium,0,1.6289058245534548e-05
2012,gb,Benin,0,3.4944810019982685e-05
2012,gb,Burkina Faso,0,0.0007808115989458551
2012,gb,Bulgaria,0,2.0889944164191575e-05
2012,gb,Bolivia,0,0.0006930743821520857
2012,gb,Brazil,0,3.077382850793788e-05
2012,gb,Bhutan,0,0.026587940278327844
2012,gb,Botswana,0,9.551447109859136e-05
2012,gb,Canada,0,9.215224014610388e-05
2012,gb,Chile,0,2.7780132288168357e-05
2012,gb,Colombia,0,0.04853029383287889
2012,gb,Costa Rica,0,1.6130745643541157e-05
2012,gb,Cyprus,0,4.193047371341192e-05
2012,gb,Germany,0,0.00013958420740843274
2012,gb,Denmark,0,2.110685128126305e-05
2012,gb,Ecuador,0,0.10244498438626731
2012,gb,Spain,0,3.867901674485379e-05
2012,gb,Finland,0,4.9457487950730146e-05
2012,gb,France,0,9.256271217912054e-05
2012,gb,United Kingdom,0,4.150510874404161e-05
2012,gb,Ghana,0,1.5198407456380523e-05
2012,gb,Greece,0,0.0006322168593962494
2012,gb,Guyana,0,0.0002537731400869207
2012,gb,Indonesia,0,1.938977185501557e-05
2012,gb,India,1,3.595099205519575e-05
2012,gb,Israel,0,7.25704553792343e-05
2012,gb,Italy,0,0.0009373592908279237
2012,gb,Jamaica,0,4.039361993505952e-05
2012,gb,Japan,0,4.4663224759951166e-05
2012,gb,South Korea,0,0.00010931575089598742
2012,gb,Liberia,0,0.0016791711083725268
2012,gb,Lesotho,0,0.00034852375040454064
2012,gb,Luxembourg,0,0.00014066406591577762
2012,gb,Mexico,0,7.452526146313345e-05
2012,gb,Mongolia,0,0.00027175528672520964
2012,gb,Mauritius,1,3.194598958329857e-05
2012,gb,Malawi,0,5.9159782568853036e-05
2012,gb,Namibia,0,2.8913557209147342e-05
2012,gb,Nigeria,0,0.004533821527887934
2012,gb,Norway,0,2.367443550068338e-05
2012,gb,Philippines,1,0.0004573659668408775
2012,gb,Poland,1,0.001050837869473399
2012,gb,Portugal,0,3.252658674999341e-05
2012,gb,Paraguay,0,0.0007464993216850311
2012,gb,Romania,0,0.00349682050772189
2012,gb,Senegal,0,0.00021638289538191663
2012,gb,Sierra Leone,0,0.00042404181024093674
2012,gb,Sweden,0,1.9019350400226045e-05
2012,gb,Trinidad and Tobago,0,5.4258855114811e-05
2012,gb,Tunisia,0,0.025237589909796607
2012,gb,Türkiye,1,0.4989427074452558
2012,gb,United States of America,0,0.0006908435405985124
2012,gb,South Africa,0,5.6638818101250375e-05
2012,gb,Zambia,1,0.00030255761589049286
2012,rf,Albania,0,0.13983036615509845
2012,rf,Argentina,0,0.026111164860681116
2012,rf,Australia,0,0.0
2012,rf,Belgium,0,0.004671052631578947
2012,rf,Benin,0,0.03291296106010462
2012,rf,Burkina Faso,0,0.02182967126905514
2012,rf,Bulgaria,0,0.019348517520215634
2012,rf,Bolivia,0,0.04508286220148437
2012,rf,Brazil,0,0.07583959411707568
2012,rf,Bhutan,0,0.19883824047741594
2012,rf,Botswana,0,0.006433531746031746
2012,rf,Canada,0,0.0025
2012,rf,Chile,0,0.011463637498217088
2012,rf,Colombia,0,0.17497850334517392
2012,rf,Costa Rica,0,0.014364724704843871
2012,rf,Cyprus,0,0.015965636052166225
2012,rf,Germany,0,0.01619479379991714
2012,rf,Denmark,0,0.004428104575163398
2012,rf,Ecuador,0,0.37512718913457993
2012,rf,Spain,0,0.01176953781512605
2012,rf,Finland,0,0.011149073664553541
2012,rf,France,0,0.035467677338292536
2012,rf,United Kingdom,0,0.03587031022623496
2012,rf,Ghana,0,0.02348423146948783
2012,rf,Greece,0,0.071856665413003
2012,rf,Guyana,0,0.06815754173362867
2012,rf,Indonesia,0,0.08111450593570592
2012,rf,India,1,0.0359996514724956
2012,rf,Israel,0,0.025810905047637788
2012,rf,Italy,0,0.018573378644752433
2012,rf,Jamaica,0,0.04164703683104684
2012,rf,Japan,0,0.05945744465909907
2012,rf,South Korea,0,0.12200450116859653
2012,rf,Liberia,0,0.2758568102076674
2012,rf,Lesotho,0,0.07210280759436802
2012,rf,Luxembourg,0,0.021167668223589276
2012,rf,Mexico,0,0.16512033148926336
2012,rf,Mongolia,0,0.04500316054378826
2012,rf,Mauritius,1,0.028908774483474748
2012,rf,Malawi,0,0.05844557584039775
2012,rf,Namibia,0,0.023379452418926104
2012,rf,Nigeria,0,0.09979867708534666
2012,rf,Norway,0,0.006860239541160594
2012,rf,Philippines,1,0.08022366794641134
2012,rf,Poland,1,0.04311577212723178
2012,rf,Portugal,0,0.017008447833804483
2012,rf,Paraguay,0,0.09096154727635457
2012,rf,Romania,0,0.04039855813313773
2012,rf,Senegal,0,0.13986775697737108
2012,rf,Sierra Leone,0,0.059040199257111015
2012,rf,Sweden,0,0.0022058823529411764
2012,rf,Trinidad and Tobago,0,0.01631969319441677
2012,rf,Tunisia,0,0.1434401587661184
2012,rf,Türkiye,1,0.1319912543830428
2012,rf,United States of America,0,0.038753360188706766
2012,rf,South Africa,0,0.08990126121811746
2012,rf,Zambia,1,0.18667361841452237
2012,lr,Albania,0,0.6998944871709547
2012,lr,Argentina,0,0.008950704296593604
2012,lr,Australia,0,0.00022813401982275686
2012,lr,Belgium,0,0.0020036779001055124
2012,lr,Benin,0,0.1521793598171015
2012,lr,Burkina Faso,0,0.2472949933514828
2012,lr,Bulgaria,0,0.051824485640361406
2012,lr,Bolivia,0,0.9200304652985131
2012,lr,Brazil,0,0.04816244213878311
2012,lr,Bhutan,0,0.007253448906522758
2012,lr,Botswana,0,0.1695712086732573
2012,lr,Canada,0,0.0034694951249588444
2012,lr,Chile,0,0.10266149107359426
2012,lr,Colombia,0,0.43319371673985313
2012,lr,Costa Rica,0,0.012836081535549703
2012,lr,Cyprus,0,0.059356070754444476
2012,lr,Germany,0,0.0013968501484987361
2012,lr,Denmark,0,0.018078101999732196
2012,lr,Ecuador,0,0.924934164099015
2012,lr,Spain,0,0.051653755508583934
2012,lr,Finland,0,0.023655336128623135
2012,lr,France,0,0.06731483904202579
2012,lr,United Kingdom,0,0.14101223094563936
2012,lr,Ghana,0,0.03585967811348823
2012,lr,Greece,0,0.21842420023870557
2012,lr,Guyana,0,0.03674019212779936
2012,lr,Indonesia,0,0.30598836597700607
2012,lr,India,1,0.10451239977427193
2012,lr,Israel,0,0.03785785706734325
2012,lr,Italy,0,0.016727493001919832
2012,lr,Jamaica,0,0.03066656848996123
2012,lr,Japan,0,0.026614207884565227
2012,lr,South Korea,0,0.1532034598089874
2012,lr,Liberia,0,0.8512277585226133
2012,lr,Lesotho,0,0.7057242497570521
2012,lr,Luxembourg,0,0.0017959034721461453
2012,lr,Mexico,0,0.42325098563432123
2012,lr,Mongolia,0,0.005391500121479779
2012,lr,Mauritius,1,0.05118429187548482
2012,lr,Malawi,0,0.7044589092772258
2012,lr,Namibia,0,0.036704810079467465
2012,lr,Nigeria,0,0.7184144994896744
2012,lr,Norway,0,0.026754874387472795
2012,lr,Philippines,1,0.7450889004244594
2012,lr,Poland,1,0.08712966021727243
2012,lr,Portugal,0,0.16613845634037722
2012,lr,Paraguay,0,0.21364970248729634
2012,lr,Romania,0,0.02023071101614101
2012,lr,Senegal,0,0.6009680604352308
2012,lr,Sierra Leone,0,0.5771446940505744
2012,lr,Sweden,0,0.002915386184714406
2012,lr,Trinidad and Tobago,0,0.027941398309372922
2012,lr,Tunisia,0,0.9972459400192811
2012,lr,Türkiye,1,0.6349194232140303
2012,lr,United States of America,0,0.08689651102989449
2012,lr,South Africa,0,0.18446110752864925
2012,lr,Zambia,1,0.29229026277460224
2013,gb,Albania,0,3.3741563295493035e-05
2013,gb,Argentina,0,0.0001539662739878368
2013,gb,Australia,0,4.668695302235962e-05
2013,gb,Belgium,0,0.00019335447714939722
2013,gb,Benin,0,0.00014882938842599737
2013,gb,Burkina Faso,0,0.0009363267279823499
2013,gb,Bulgaria,0,4.481562498694244e-05
2013,gb,Bolivia,0,0.006219768595697489
2013,gb,Brazil,0,3.2882838602109434e-05
2013,gb,Bhutan,0,0.009291999823008268
2013,gb,Botswana,0,9.229200458399883e-05
2013,gb,Canada,0,0.0001559643374534818
2013,gb,Chile,0,2.160631377551137e-05
2013,gb,Colombia,0,0.016315202757048296
2013,gb,Costa Rica,0,1.9342658399679915e-05
2013,gb,Cyprus,0,1.557891719682185e-05
2013,gb,Germany,0,0.00018827978271076582
2013,gb,Denmark,0,0.0002785036831354718
2013,gb,Ecuador,0,0.06757772878989479
2013,gb,Spain,0,2.0294814728914673e-05
2013,gb,Finland,0,0.0005143141453538371
2013,gb,France,0,1.4620518677366465e-05
2013,gb,United Kingdom,0,2.2210884122077784e-05
2013,gb,Ghana,0,0.00011368207395984542
2013,gb,Greece,0,0.00015803318624743785
2013,gb,Guyana,0,0.00020653938137616543
2013,gb,Indonesia,0,9.860480675065961e-05
2013,gb,India,1,0.00021454432369990672
2013,gb,Israel,0,0.0010678086772422325
2013,gb,Italy,0,0.00010817436602491988
2013,gb,Jamaica,0,2.7322780748947722e-05
2013,gb,Japan,0,5.204291571750506e-05
2013,gb,Kenya,0,0.07072265423049856
2013,gb,South Korea,0,3.620856423363355e-05
2013,gb,Liberia,0,0.0003602235336629641
2013,gb,Lesotho,0,0.002208510099190145
2013,gb,Luxembourg,0,8.780405551304638e-05
2013,gb,Mexico,0,0.00036592934886847027
2013,gb,Mongolia,0,0.016735671869339077
2013,gb,Mauritius,1,0.0015996746551555751
2013,gb,Malawi,0,0.00014500518573070675
2013,gb,Namibia,0,5.005181248458227e-05
2013,gb,Nigeria,0,0.0011242985300970476
2013,gb,Norway,0,1.6822104266001458e-05
2013,gb,Philippines,1,0.000128380518092426
2013,gb,Poland,1,0.0015506135125898518
2013,gb,Portugal,0,0.000620248022782255
2013,gb,Paraguay,0,0.0010385224212796833
2013,gb,Romania,0,0.002168934886827186
2013,gb,Senegal,0,0.00036379591857700573
2013,gb,Sierra Leone,0,0.00027009003685873895
2013,gb,Sweden,0,1.8060296867971398e-05
2013,gb,Trinidad and Tobago,0,1.9160997907571785e-05
2013,gb,Tunisia,0,0.0020551947233671966
2013,gb,United States of America,0,0.0025376829565440366
2013,gb,South Africa,0,0.0014014758880744286
2013,rf,Albania,0,0.13339421194646997
2013,rf,Argentina,0,0.015752389971139973
2013,rf,Australia,0,0.012715359237536656
2013,rf,Belgium,0,0.0069786096256684495
2013,rf,Benin,0,0.060835045587367576
2013,rf,Burkina Faso,0,0.036198958935801044
2013,rf,Bulgaria,0,0.02551474475816581
2013,rf,Bolivia,0,0.14472732009156178
2013,rf,Brazil,0,0.03731514796263248
2013,rf,Bhutan,0,0.17022824419887847
2013,rf,Botswana,0,0.016563384813384815
2013,rf,Canada,0,0.007046703296703297
2013,rf,Chile,0,0.018507401315789474
2013,rf,Colombia,0,0.11286952491887554
2013,rf,Costa Rica,0,0.002125
2013,rf,Cyprus,0,0.01533119658119658
2013,rf,Germany,0,0.010432598039215686
2013,rf,Denmark,0,0.010597459413873076
2013,rf,Ecuador,0,0.2656501217399796
2013,rf,Spain,0,0.020738127404071677
2013,rf,Finland,0,0.0098635477582846
2013,rf,France,0,0.023353785103785104
2013,rf,United Kingdom,0,0.02095543345543345
2013,rf,Ghana,0,0.025828215177717072
2013,rf,Greece,0,0.10808106490395121
2013,rf,Guyana,0,0.030907283239636187
2013,rf,Indonesia,0,0.09294412904520989
2013,rf,India,1,0.07341294030403905
2013,rf,Israel,0,0.04382398516086597
2013,rf,Italy,0,0.004705882352941176
2013,rf,Jamaica,0,0.0761589592517514
2013,rf,Japan,0,0.07513777285516415
2013,rf,Kenya,0,0.5088612157823795
2013,rf,South Korea,0,0.0678105286797624
2013,rf,Liberia,0,0.23604374938205588
2013,rf,Lesotho,0,0.061450567589793934
2013,rf,Luxembourg,0,0.006222527472527472
2013,rf,Mexico,0,0.17942049046222028
2013,rf,Mongolia,0,0.018632465963987703
2013,rf,Mauritius,1,0.09845693456398884
2013,rf,Malawi,0,0.07464073888068452
2013,rf,Namibia,0,0.07234124398447973
2013,rf,Nigeria,0,0.08720019049538937
2013,rf,Norway,0,0.0
2013,rf,Philippines,1,0.04935274290926465
2013,rf,Poland,1,0.023306905484150063
2013,rf,Portugal,0,0.012326762246117085
2013,rf,Paraguay,0,0.17669263588612732
2013,rf,Romania,0,0.022288663506542763
2013,rf,Senegal,0,0.14504318133946684
2013,rf,Sierra Leone,0,0.04709145188676653
2013,rf,Sweden,0,0.004292763157894737
2013,rf,Trinidad and Tobago,0,0.020456025707384404
2013,rf,Tunisia,0,0.12927168620531448
2013,rf,United States of America,0,0.035803148386701025
2013,rf,South Africa,0,0.22040509993495447
2013,lr,Albania,0,0.43526320237391963
2013,lr,Argentina,0,0.08152840127037897
2013,lr,Australia,0,0.0026277107946983836
2013,lr,Belgium,0,0.01464072998001402
2013,lr,Benin,0,0.09196915954676145
2013,lr,Burkina Faso,0,0.0963198359042361
2013,lr,Bulgaria,0,0.05026628475921949
2013,lr,Bolivia,0,0.09043534168499069
2013,lr,Brazil,0,0.02073606167231967
2013,lr,Bhutan,0,0.008240188686217438
2013,lr,Botswana,0,0.018023331995438183
2013,lr,Canada,0,0.009710771452229709
2013,lr,Chile,0,0.028845943284230416
2013,lr,Colombia,0,0.04087359471486769
2013,lr,Costa Rica,0,0.0108777679095744
2013,lr,Cyprus,0,0.0024152686698635847
2013,lr,Germany,0,0.0025873505653710503
2013,lr,Denmark,0,0.0081524052696252
2013,lr,Ecuador,0,0.7236648362117519
2013,lr,Spain,0,0.0629617585333039
2013,lr,Finland,0,0.04847375271309974
2013,lr,France,0,0.03368640944366871
2013,lr,United Kingdom,0,0.2139787434088231
2013,lr,Ghana,0,0.09478785450600875
2013,lr,Greece,0,0.6362681597797412
2013,lr,Guyana,0,0.1261682196804033
2013,lr,Indonesia,0,0.2992917501757636
2013,lr,India,1,0.11409633299473712
2013,lr,Israel,0,0.009966667543270436
2013,lr,Italy,0,0.007816860694052163
2013,lr,Jamaica,0,0.08344935734603212
2013,lr,Japan,0,0.4724447217228406
2013,lr,Kenya,0,0.9674503175837561
2013,lr,South Korea,0,0.05520570889128762
2013,lr,Liberia,0,0.2796701652152446
2013,lr,Lesotho,0,0.6913064182870665
2013,lr,Luxembourg,0,0.0007090816112131613
2013,lr,Mexico,0,0.5596147423003912
2013,lr,Mongolia,0,0.003475622260726278
2013,lr,Mauritius,1,0.30235718268336575
2013,lr,Malawi,0,0.06512959019118657
2013,lr,Namibia,0,0.010241905391825673
2013,lr,Nigeria,0,0.3975518684270226
2013,lr,Norway,0,0.00934130681671912
2013,lr,Philippines,1,0.16323943450136652
2013,lr,Poland,1,0.13275833750214622
2013,lr,Portugal,0,0.042752142844075774
2013,lr,Paraguay,0,0.6191681841469
2013,lr,Romania,0,0.011633029384394757
2013,lr,Senegal,0,0.1057270962758729
2013,lr,Sierra Leone,0,0.22887010930314805
2013,lr,Sweden,0,0.0025065178399322017
2013,lr,Trinidad and Tobago,0,0.04119116044367077
2013,lr,Tunisia,0,0.8286281073435949
2013,lr,United States of America,0,0.057038363490570364
2013,lr,South Africa,0,0.04491752632007879
2014,gb,Albania,0,9.660293087238393e-05
2014,gb,Argentina,0,5.7340601927755737e-05
2014,gb,Australia,0,0.0002445108319116768
2014,gb,Belgium,0,6.149288101197876e-05
2014,gb,Benin,1,0.00017742058318730768
2014,gb,Burkina Faso,0,0.01761919627016254
2014,gb,Bulgaria,0,0.00015517140634051702
2014,gb,Bolivia,1,0.0009766065195299417
2014,gb,Brazil,1,0.0009297559526072692
2014,gb,Bhutan,0,0.015481588823317143
2014,gb,Botswana,0,0.00010783838649547699
2014,gb,Canada,0,6.204481753728527e-05
2014,gb,Chile,0,0.00012262449695964314
2014,gb,Colombia,0,0.029536509797441178
2014,gb,Costa Rica,0,5.3252583933577216e-05
2014,gb,Cyprus,0,5.2817702189714075e-05
2014,gb,Germany,0,8.553760118779455e-05
2014,gb,Denmark,0,9.32561652263747e-05
2014,gb,Ecuador,0,0.0012554197152106622
2014,gb,Spain,0,0.0001226297799810069
2014,gb,Finland,0,6.866432707426785e-05
2014,gb,France,0,6.746813995043454e-05
2014,gb,United Kingdom,0,7.597352239320676e-05
2014,gb,Ghana,0,0.00028949917309925664
2014,gb,Greece,0,0.011214391323314716
2014,gb,Guyana,0,0.0008028275152141893
2014,gb,Indonesia,0,0.0006244063868542908
2014,gb,Israel,0,0.00048192528952955253
2014,gb,Italy,0,0.0002006218731498672
2014,gb,Jamaica,0,0.0002722676008726347
2014,gb,Japan,0,8.751582252022388e-05
2014,gb,Kenya,0,0.028767462450191635
2014,gb,South Korea,0,9.74491585930754e-05
2014,gb,Liberia,0,0.002138053415215333
2014,gb,Lesotho,0,0.000817940399539952
2014,gb,Luxembourg,0,0.00016294884909164552
2014,gb,Mexico,0,0.0001657299316822396
2014,gb,Mali,0,0.009185762304677322
2014,gb,Mongolia,0,0.0006161668571963986
2014,gb,Mauritius,1,0.0008267238542685874
2014,gb,Malawi,0,0.06548339346662055
2014,gb,Namibia,0,0.0003230358582019667
2014,gb,Nigeria,0,0.007946237981154323
2014,gb,Norway,0,5.1004149862833956e-05
2014,gb,Nepal,0,0.0028937884353822784
2014,gb,Philippines,1,0.00025569027331898847
2014,gb,Poland,1,5.452894202444983e-05
2014,gb,Portugal,0,5.4733554438652046e-05
2014,gb,Paraguay,0,0.0007410418719115975
2014,gb,Romania,0,0.0005716425520420083
2014,gb,Senegal,0,0.0007298655011534823
2014,gb,Sierra Leone,0,0.0002951435466467818
2014,gb,Sweden,0,4.514713600966533e-05
2014,gb,Trinidad and Tobago,0,9.720688691619868e-05
2014,gb,Tunisia,0,0.01525157714195148
2014,gb,United States of America,0,0.0003932447157438922
2014,gb,South Africa,0,0.00013555968748207745
2014,rf,Albania,0,0.11554203750784982
2014,rf,Argentina,0,0.06089595180915071
2014,rf,Australia,0,0.03079752722767428
2014,rf,Belgium,0,0.00428921568627451
2014,rf,Benin,1,0.05344530567471745
2014,rf,Burkina Faso,0,0.1646898949334087
2014,rf,Bulgaria,0,0.0810252158894237
2014,rf,Bolivia,1,0.18991711588345145
2014,rf,Brazil,1,0.06948839151045033
2014,rf,Bhutan,0,0.15002760500960427
2014,rf,Botswana,0,0.011072240259740261
2014,rf,Canada,0,0.003771929824561403
2014,rf,Chile,0,0.009310897435897436
2014,rf,Colombia,0,0.10599105666185826
2014,rf,Costa Rica,0,0.02446059332824039
2014,rf,Cyprus,0,0.015492595639654463
2014,rf,Germany,0,0.025874127098391805
2014,rf,Denmark,0,0.023642487414546238
2014,rf,Ecuador,0,0.2084875231116311
2014,rf,Spain,0,0.0373996316291208
2014,rf,Finland,0,0.00727988677988678
2014,rf,France,0,0.033303173348838984
2014,rf,United Kingdom,0,0.038553523085252145
2014,rf,Ghana,0,0.02639076055523424
2014,rf,Greece,0,0.15996637024035015
2014,rf,Guyana,0,0.027416919429254952
2014,rf,Indonesia,0,0.10898825567630331
2014,rf,Israel,0,0.10162695168797814
2014,rf,Italy,0,0.03979390577462793
2014,rf,Jamaica,0,0.03453390053573877
2014,rf,Japan,0,0.1257470431954133
2014,rf,Kenya,0,0.5110578270134514
2014,rf,South Korea,0,0.08566492688810844
2014,rf,Liberia,0,0.22665985132299105
2014,rf,Lesotho,0,0.038342105072755546
2014,rf,Luxembourg,0,0.01534564047064047
2014,rf,Mexico,0,0.20257347452378432
2014,rf,Mali,0,0.10695850034804655
2014,rf,Mongolia,0,0.03232822410147992
2014,rf,Mauritius,1,0.16328473520795034
2014,rf,Malawi,0,0.09439480601109397
2014,rf,Namibia,0,0.11868959807353029
2014,rf,Nigeria,0,0.08484070354668048
2014,rf,Norway,0,0.011494755244755244
2014,rf,Nepal,0,0.3856292325722932
2014,rf,Philippines,1,0.14395215474302053
2014,rf,Poland,1,0.023842163147310205
2014,rf,Portugal,0,0.019826251863253763
2014,rf,Paraguay,0,0.1693032736976285
2014,rf,Romania,0,0.03127770146520147
2014,rf,Senegal,0,0.22670410896322174
2014,rf,Sierra Leone,0,0.029294796650717707
2014,rf,Sweden,0,0.005629370629370629
2014,rf,Trinidad and Tobago,0,0.024832739016659295
2014,rf,Tunisia,0,0.10339338705532304
2014,rf,United States of America,0,0.04891226842891431
2014,rf,South Africa,0,0.16023082601926253
2014,lr,Albania,0,0.03544392539015458
2014,lr,Argentina,0,0.02551433864166078
2014,lr,Australia,0,0.019906181769057934
2014,lr,Belgium,0,0.022013495001137005
2014,lr,Benin,1,0.043533396168127035
2014,lr,Burkina Faso,0,0.5775865534969277
2014,lr,Bulgaria,0,0.13025711647695615
2014,lr,Bolivia,1,0.2383383952949564
2014,lr,Brazil,1,0.10965748206973681
2014,lr,Bhutan,0,0.08976858002942306
2014,lr,Botswana,0,0.007383904316604508
2014,lr,Canada,0,0.001463974700544739
2014,lr,Chile,0,0.013974963333525586
2014,lr,Colombia,0,0.13821777179964284
2014,lr,Costa Rica,0,0.01712194384642695
2014,lr,Cyprus,0,0.01751129025500522
2014,lr,Germany,0,0.005177305295710949
2014,lr,Denmark,0,0.049859325102874275
2014,lr,Ecuador,0,0.9570279167918755
2014,lr,Spain,0,0.19249535521328848
2014,lr,Finland,0,0.003828752550299277
2014,lr,France,0,0.1430633653824755
2014,lr,United Kingdom,0,0.2648429880361967
2014,lr,Ghana,0,0.02653038769957849
2014,lr,Greece,0,0.9780529641976238
2014,lr,Guyana,0,0.028730097469017547
2014,lr,Indonesia,0,0.49334930167245133
2014,lr,Israel,0,0.06026697440063915
2014,lr,Italy,0,0.012537294477017227
2014,lr,Jamaica,0,0.197303670293033
2014,lr,Japan,0,0.4597729157319498
2014,lr,Kenya,0,0.9694044196642843
2014,lr,South Korea,0,0.13522745933155342
2014,lr,Liberia,0,0.22472599694769788
2014,lr,Lesotho,0,0.8446350115313875
2014,lr,Luxembourg,0,0.0019119848044186105
2014,lr,Mexico,0,0.6476850605356963
2014,lr,Mali,0,0.8859511976091934
2014,lr,Mongolia,0,0.00022458293497186447
2014,lr,Mauritius,1,0.807480579035342
2014,lr,Malawi,0,0.1064712720850782
2014,lr,Namibia,0,0.04190589223956999
2014,lr,Nigeria,0,0.012900372876357718
2014,lr,Norway,0,0.026042840939000472
2014,lr,Nepal,0,0.968136123402463
2014,lr,Philippines,1,0.3650213289116956
2014,lr,Poland,1,0.2372846002927575
2014,lr,Portugal,0,0.02379961687090005
2014,lr,Paraguay,0,0.7701820995302874
2014,lr,Romania,0,0.0418328272632653
2014,lr,Senegal,0,0.6523329517602345
2014,lr,Sierra Leone,0,0.0643041724782377
2014,lr,Sweden,0,0.00587961501045747
2014,lr,Trinidad and Tobago,0,0.19090779379968056
2014,lr,Tunisia,0,0.8276934578552978
2014,lr,United States of America,0,0.01775264418547202
2014,lr,South Africa,0,0.011112209407944319
2015,gb,Albania,0,0.0001366994875023924
2015,gb,Argentina,0,0.0004789614337449697
2015,gb,Australia,0,0.0005516322158226385
2015,gb,Belgium,0,0.0003626755373151503
2015,gb,Benin,1,0.0002911431509752636
2015,gb,Bulgaria,0,0.00014312566975237283
2015,gb,Bolivia,1,0.005777454778441832
2015,gb,Brazil,1,0.014478598214720757
2015,gb,Bhutan,0,0.03411373912779947
2015,gb,Botswana,0,0.0034902378773640627
2015,gb,Canada,0,0.00013438027914135787
2015,gb,Chile,0,0.00020039738287370895
2015,gb,Colombia,0,0.057413849005176126
2015,gb,Costa Rica,0,0.00013438027914135787
2015,gb,Cyprus,0,0.00014439051740243805
2015,gb,Germany,0,0.00014213028483354347
2015,gb,Denmark,0,0.003654781160132214
2015,gb,Ecuador,0,0.0004904767349101445
2015,gb,Spain,0,0.001361467862061592
2015,gb,Finland,0,0.0011120337440939814
2015,gb,France,0,0.00019866757994007567
2015,gb,United Kingdom,0,0.00013106304294181943
2015,gb,Ghana,0,0.0005057637064218709
2015,gb,Greece,1,0.010544729380057783
2015,gb,Guyana,0,0.015884743365957084
2015,gb,Indonesia,0,0.028443608617491026
2015,gb,Israel,0,0.000557623324944979
2015,gb,Italy,0,0.002193307462810652
2015,gb,Jamaica,0,0.00016049047003923383
2015,gb,Japan,0,0.00017689577265965752
2015,gb,Kenya,0,0.005406965979602298
2015,gb,South Korea,0,0.0001375040653978787
2015,gb,Liberia,0,0.000474143802303797
2015,gb,Sri Lanka,0,0.00012603493963403954
2015,gb,Lesotho,0,0.0006935789365770091
2015,gb,Luxembourg,0,0.000828434062930667
2015,gb,Mexico,0,0.0013942618169321397
2015,gb,Mali,1,0.008695559836052118
2015,gb,Mongolia,0,0.00012293149858616257
2015,gb,Mauritius,1,0.01381254627382344
2015,gb,Malawi,0,0.06913418552536969
2015,gb,Namibia,0,0.006655400319210615
2015,gb,Nigeria,0,0.004576596509966167
2015,gb,Norway,0,0.00014431538194165035
2015,gb,Nepal,0,0.002153772346547801
2015,gb,Philippines,1,0.0002238281185794496
2015,gb,Portugal,0,0.0003236819884078136
2015,gb,Paraguay,0,0.00031624053814847876
2015,gb,Romania,0,0.00014906500116286314
2015,gb,Senegal,0,0.0006611215340171346
2015,gb,Sierra Leone,0,0.003053721286691015
2015,gb,Sweden,0,0.00016216630464670247
2015,gb,Trinidad and Tobago,0,0.0009153125044351446
2015,gb,Tunisia,0,0.014689528632204372
2015,gb,United States of America,0,0.0025004850201426473
2015,gb,South Africa,0,0.00042171306250133727
2015,rf,Albania,0,0.09236565640335495
2015,rf,Argentina,0,0.04642781951000329
2015,rf,Australia,0,0.04197349377320605
2015,rf,Belgium,0,0.032336743493864235
2015,rf,Benin,1,0.0465761289856154
2015,rf,Bulgaria,0,0.03966230834439039
2015,rf,Bolivia,1,0.3309675569729712
2015,rf,Brazil,1,0.10549303023830889
2015,rf,Bhutan,0,0.12975629564684937
2015,rf,Botswana,0,0.050936598245196266
2015,rf,Canada,0,0.01503370240870241
2015,rf,Chile,0,0.03469562500730264
2015,rf,Colombia,0,0.16581658089327983
2015,rf,Costa Rica,0,0.02940368672215783
2015,rf,Cyprus,0,0.031449596506973154
2015,rf,Germany,0,0.04070572944530157
2015,rf,Denmark,0,0.054455533573958846
2015,rf,Ecuador,0,0.23525412098870493
2015,rf,Spain,0,0.05753346104668206
2015,rf,Finland,0,0.03618217442172551
2015,rf,France,0,0.05654039697075856
2015,rf,United Kingdom,0,0.037056701024891565
2015,rf,Ghana,0,0.03870689308111909
2015,rf,Greece,1,0.21557093843641228
2015,rf,Guyana,0,0.18029947565486984
2015,rf,Indonesia,0,0.15316667779081758
2015,rf,Israel,0,0.05598047339205462
2015,rf,Italy,0,0.09141003985367545
2015,rf,Jamaica,0,0.09329979980120456
2015,rf,Japan,0,0.060661424212572534
2015,rf,Kenya,0,0.36939928363046287
2015,rf,South Korea,0,0.07893739480527906
2015,rf,Liberia,0,0.1727394552874017
2015,rf,Sri Lanka,0,0.19139065701740332
2015,rf,Lesotho,0,0.08632383621925031
2015,rf,Luxembourg,0,0.01280614478114478
2015,rf,Mexico,0,0.14908369506012983
2015,rf,Mali,1,0.10515553370367728
2015,rf,Mongolia,0,0.03142714369823504
2015,rf,Mauritius,1,0.19894436671569873
2015,rf,Malawi,0,0.12317282636384946
2015,rf,Namibia,0,0.15555063559857568
2015,rf,Nigeria,0,0.1973645124790513
2015,rf,Norway,0,0.03508366205013635
2015,rf,Nepal,0,0.3060363127164271
2015,rf,Philippines,1,0.07895914510428997
2015,rf,Portugal,0,0.02707384481105709
2015,rf,Paraguay,0,0.18033920031701128
2015,rf,Romania,0,0.040831939989834726
2015,rf,Senegal,0,0.2284213368759648
2015,rf,Sierra Leone,0,0.06541206940682326
2015,rf,Sweden,0,0.0157860680985681
2015,rf,Trinidad and Tobago,0,0.049671425796021136
2015,rf,Tunisia,0,0.12918242060334212
2015,rf,United States of America,0,0.0748140269542096
2015,rf,South Africa,0,0.13827450911661437
2015,lr,Albania,0,0.10175465110387712
2015,lr,Argentina,0,0.14325872765747982
2015,lr,Australia,0,0.015885248448033098
2015,lr,Belgium,0,0.01843140712866231
2015,lr,Benin,1,0.11265252744433936
2015,lr,Bulgaria,0,0.005879278858986415
2015,lr,Bolivia,1,0.7202036118916783
2015,lr,Brazil,1,0.035321470906219656
2015,lr,Bhutan,0,0.11886173518476006
2015,lr,Botswana,0,0.09647312846213608
2015,lr,Canada,0,0.015004339391032323
2015,lr,Chile,0,0.06759239592051737
2015,lr,Colombia,0,0.06761334849855552
2015,lr,Costa Rica,0,0.2062726305314593
2015,lr,Cyprus,0,0.006124784787161156
2015,lr,Germany,0,0.005302716451976173
2015,lr,Denmark,0,0.005117245813041935
2015,lr,Ecuador,0,0.9853339940860961
2015,lr,Spain,0,0.2107215844519612
2015,lr,Finland,0,0.06968373352883082
2015,lr,France,0,0.17969352986196835
2015,lr,United Kingdom,0,0.14761860858134382
2015,lr,Ghana,0,0.08668397541344618
2015,lr,Greece,1,0.7389465686820151
2015,lr,Guyana,0,0.04632141796177563
2015,lr,Indonesia,0,0.47742432994741724
2015,lr,Israel,0,0.10472562418027437
2015,lr,Italy,0,0.03123293606720222
2015,lr,Jamaica,0,0.3580943615100246
2015,lr,Japan,0,0.421619706399249
2015,lr,Kenya,0,0.9239170200174943
2015,lr,South Korea,0,0.3079305897296224
2015,lr,Liberia,0,0.6571973672921704
2015,lr,Sri Lanka,0,0.15436076456710277
2015,lr,Lesotho,0,0.8180928038684601
2015,lr,Luxembourg,0,0.0008174339015650493
2015,lr,Mexico,0,0.8891974829947156
2015,lr,Mali,1,0.9789589665025971
2015,lr,Mongolia,0,0.0011526140177149985
2015,lr,Mauritius,1,0.5655877101801823
2015,lr,Malawi,0,0.07450327031215337
2015,lr,Namibia,0,0.47284686060604003
2015,lr,Nigeria,0,0.018703849392432415
2015,lr,Norway,0,0.032910321822447464
2015,lr,Nepal,0,0.9120089615841123
2015,lr,Philippines,1,0.02466424464895279
2015,lr,Portugal,0,0.006572205864477613
2015,lr,Paraguay,0,0.6186223371165032
2015,lr,Romania,0,0.1287112401433765
2015,lr,Senegal,0,0.4690084802344017
2015,lr,Sierra Leone,0,0.09035430412048838
2015,lr,Sweden,0,0.011432216519242196
2015,lr,Trinidad and Tobago,0,0.09833985065076654
2015,lr,Tunisia,0,0.10987930596930884
2015,lr,United States of America,0,0.08602864586043393
2015,lr,South Africa,0,0.079845865294524
2016,gb,Albania,0,0.0009013152158975179
2016,gb,Argentina,0,0.0005173413358343633
2016,gb,Australia,0,0.0004362515709668125
2016,gb,Belgium,0,0.001236856758998252
2016,gb,Benin,1,0.04108832662755174
2016,gb,Burkina Faso,0,0.006201707152057278
2016,gb,Bulgaria,0,0.00035556497748031186
2016,gb,Bolivia,1,0.022012272428585188
2016,gb,Brazil,1,0.04707770894324424
2016,gb,Bhutan,0,0.1836174009789623
2016,gb,Botswana,1,0.001136340293076612
2016,gb,Canada,0,0.0004695295083563598
2016,gb,Chile,0,0.0006181494156933566
2016,gb,Ivory Coast,1,0.008392980473547406
2016,gb,Colombia,0,0.023923651646814204
2016,gb,Costa Rica,0,0.00044315994775415726
2016,gb,Cyprus,0,0.0002891470185981925
2016,gb,Germany,0,0.00044676145413714797
2016,gb,Denmark,0,0.0008015477553795169
2016,gb,Ecuador,0,0.005369081657958258
2016,gb,Spain,0,0.0006981844727010647
2016,gb,Finland,0,0.0010754910853742216
2016,gb,France,0,0.0035159853621444218
2016,gb,United Kingdom,0,0.00040100084566035055
2016,gb,Ghana,0,0.004593350674153951
2016,gb,Greece,1,0.00655551533382412
2016,gb,Guyana,1,0.029843051510876496
2016,gb,Indonesia,0,0.004560036396785409
2016,gb,Israel,0,0.01176719347601135
2016,gb,Italy,0,0.018081401279827863
2016,gb,Jamaica,0,0.000363349109876338
2016,gb,Japan,0,0.0004965932429809418
2016,gb,Kenya,0,0.00947077141360961
2016,gb,South Korea,0,0.0011141721509629152
2016,gb,Liberia,0,0.0007836508143370377
2016,gb,Sri Lanka,0,0.0029782807057627202
2016,gb,Lesotho,0,0.0014858547084222534
2016,gb,Luxembourg,0,0.00029704706108405144
2016,gb,Mexico,0,0.0005245882197593657
2016,gb,Mali,1,0.05668954039683373
2016,gb,Mongolia,0,0.0006963939849863902
2016,gb,Mauritius,1,0.01605441601573301
2016,gb,Malawi,0,0.22409541137608563
2016,gb,Namibia,0,0.029243880389700685
2016,gb,Nigeria,1,0.07260926960810236
2016,gb,Norway,0,0.001160594614663322
2016,gb,Nepal,0,0.007316873996447073
2016,gb,Portugal,0,0.000329797080383958
2016,gb,Paraguay,0,0.0008041250047756031
2016,gb,Romania,0,0.0008062827769212759
2016,gb,Senegal,0,0.005824807907158527
2016,gb,Sierra Leone,0,0.003110446849800917
2016,gb,Sweden,0,0.0015191839441446658
2016,gb,Trinidad and Tobago,0,0.0005079135376009744
2016,gb,Tunisia,1,0.0010714780581616574
2016,gb,United States of America,0,0.0026603141346744678
2016,gb,South Africa,0,0.0007482450854736208
2016,rf,Albania,0,0.0921367335597118
2016,rf,Argentina,0,0.03731604102312037
2016,rf,Australia,0,0.04425494717700601
2016,rf,Belgium,0,0.03102849431270484
2016,rf,Benin,1,0.10262753450246587
2016,rf,Burkina Faso,0,0.11530125937281861
2016,rf,Bulgaria,0,0.08266271533394275
2016,rf,Bolivia,1,0.2990295445546076
2016,rf,Brazil,1,0.26348885977567954
2016,rf,Bhutan,0,0.11210900708626172
2016,rf,Botswana,1,0.06538602413870427
2016,rf,Canada,0,0.016879166666666667
2016,rf,Chile,0,0.07996412436892313
2016,rf,Ivory Coast,1,0.13053690928954084
2016,rf,Colombia,0,0.17276278681166823
2016,rf,Costa Rica,0,0.038578635613879024
2016,rf,Cyprus,0,0.026307060300810297
2016,rf,Germany,0,0.04638682640888524
2016,rf,Denmark,0,0.01176127819548872
2016,rf,Ecuador,0,0.12857768675822515
2016,rf,Spain,0,0.04575453063607173
2016,rf,Finland,0,0.04012783943296798
2016,rf,France,0,0.07611779429637464
2016,rf,United Kingdom,0,0.04819660840638176
2016,rf,Ghana,0,0.03851477240080182
2016,rf,Greece,1,0.19762804424716987
2016,rf,Guyana,1,0.16557228757729425
2016,rf,Indonesia,0,0.21174376074197032
2016,rf,Israel,0,0.07235327637536688
2016,rf,Italy,0,0.08665163681859395
2016,rf,Jamaica,0,0.031034723757924224
2016,rf,Japan,0,0.043516141645592116
2016,rf,Kenya,0,0.4945689394442512
2016,rf,South Korea,0,0.1555574329785746
2016,rf,Liberia,0,0.24867441483714944
2016,rf,Sri Lanka,0,0.22138009365555653
2016,rf,Lesotho,0,0.07330644960766913
2016,rf,Luxembourg,0,0.0035119047619047617
2016,rf,Mexico,0,0.15477837216255896
2016,rf,Mali,1,0.1674269501355428
2016,rf,Mongolia,0,0.05036571419723593
2016,rf,Mauritius,1,0.18763821665850336
2016,rf,Malawi,0,0.15731700847170776
2016,rf,Namibia,0,0.1544547290226478
2016,rf,Nigeria,1,0.2320442855815599
2016,rf,Norway,0,0.07334189764615524
2016,rf,Nepal,0,0.3693898355004104
2016,rf,Portugal,0,0.011836052836052838
2016,rf,Paraguay,0,0.13526459067992389
2016,rf,Romania,0,0.03208180050236502
2016,rf,Senegal,0,0.21138947637266065
2016,rf,Sierra Leone,0,0.06369782326806321
2016,rf,Sweden,0,0.024030487567987566
2016,rf,Trinidad and Tobago,0,0.019665126178169658
2016,rf,Tunisia,1,0.1306602453690211
2016,rf,United States of America,0,0.0899337400031294
2016,rf,South Africa,0,0.20334664594029378
2016,lr,Albania,0,0.09312061121343486
2016,lr,Argentina,0,0.12312396275199133
2016,lr,Australia,0,0.03850381130457954
2016,lr,Belgium,0,0.05031980349500726
2016,lr,Benin,1,0.9396732384865831
2016,lr,Burkina Faso,0,0.5921305738955902
2016,lr,Bulgaria,0,0.012328207255997233
2016,lr,Bolivia,1,0.8432593259723176
2016,lr,Brazil,1,0.43535758701421723
2016,lr,Bhutan,0,0.060252185482399516
2016,lr,Botswana,1,0.10689898936962244
2016,lr,Canada,0,0.05473727480623704
2016,lr,Chile,0,0.1475618336059967
2016,lr,Ivory Coast,1,0.15595757053401973
2016,lr,Colombia,0,0.1354023155256683
2016,lr,Costa Rica,0,0.0490289696659793
2016,lr,Cyprus,0,0.0031079340674239142
2016,lr,Germany,0,0.015705537595514175
2016,lr,Denmark,0,0.0008752851090686343
2016,lr,Ecuador,0,0.9951079475157005
2016,lr,Spain,0,0.719422248122561
2016,lr,Finland,0,0.012883226689416868
2016,lr,France,0,0.6599366660732722
2016,lr,United Kingdom,0,0.09951768858936788
2016,lr,Ghana,0,0.6625763861510005
2016,lr,Greece,1,0.34805142920206145
2016,lr,Guyana,1,0.17890066328477938
2016,lr,Indonesia,0,0.3673289399368086
2016,lr,Israel,0,0.38051657259095895
2016,lr,Italy,0,0.0809294660828511
2016,lr,Jamaica,0,0.10968003564369715
2016,lr,Japan,0,0.5755521155646005
2016,lr,Kenya,0,0.8836508207972498
2016,lr,South Korea,0,0.6949665816902582
2016,lr,Liberia,0,0.052402691016111
2016,lr,Sri Lanka,0,0.5411352570041545
2016,lr,Lesotho,0,0.40837337811906294
2016,lr,Luxembourg,0,0.025615711248633016
2016,lr,Mexico,0,0.5041452876028005
2016,lr,Mali,1,0.9485015330713242
2016,lr,Mongolia,0,0.01033692558426937
2016,lr,Mauritius,1,0.7865815843839027
2016,lr,Malawi,0,0.024825286256049642
2016,lr,Namibia,0,0.4052216343135311
2016,lr,Nigeria,1,0.028039791199005824
2016,lr,Norway,0,0.024506397831931953
2016,lr,Nepal,0,0.758705098943498
2016,lr,Portugal,0,0.0009799774816736833
2016,lr,Paraguay,0,0.5590681430174174
2016,lr,Romania,0,0.04585212577362575
2016,lr,Senegal,0,0.10418698184875526
2016,lr,Sierra Leone,0,0.16659920656094884
2016,lr,Sweden,0,0.01869953661852492
2016,lr,Trinidad and Tobago,0,0.022769404464704053
2016,lr,Tunisia,1,0.26529541054971084
2016,lr,United States of America,0,0.16459651079540935
2016,lr,South Africa,0,0.0917299240227747
2017,gb,Albania,0,0.005322501761240889
2017,gb,Argentina,0,0.0011442917616162377
2017,gb,Australia,0,0.002589988096816521
2017,gb,Belgium,0,0.0011951770048338408
2017,gb,Benin,1,0.0044306250777118306
2017,gb,Burkina Faso,1,0.067258653393628
2017,gb,Bulgaria,0,0.012590271070611217
2017,gb,Bolivia,1,0.014617592636221977
2017,gb,Brazil,1,0.0040631189537101995
2017,gb,Bhutan,0,0.10712826608400429
2017,gb,Botswana,1,0.0019987493367929167
2017,gb,Canada,0,0.0037754812511501075
2017,gb,Chile,0,0.0014464249136244235
2017,gb,Ivory Coast,1,0.016671447906485136
2017,gb,Colombia,0,0.016573293720379214
2017,gb,Costa Rica,0,0.0010475070854405425
2017,gb,Cyprus,0,0.0007792453094257757
2017,gb,Germany,0,0.0011237323238449653
2017,gb,Denmark,0,0.0017057433291821618
2017,gb,Ecuador,0,0.0020729332406097594
2017,gb,Spain,0,0.0012889574055662462
2017,gb,Finland,0,0.0012586497908275724
2017,gb,France,0,0.0034301730954717368
2017,gb,United Kingdom,0,0.0012819898881077005
2017,gb,Ghana,0,0.0008509874671934637
2017,gb,Greece,1,0.004325159626811434
2017,gb,Guyana,1,0.02298006051328278
2017,gb,Indonesia,0,0.13586023863212904
2017,gb,Israel,0,0.009325949146566996
2017,gb,Italy,0,0.008412782842387327
2017,gb,Jamaica,0,0.0007448087134703206
2017,gb,Japan,0,0.0007832785991282559
2017,gb,South Korea,0,0.001186937134655568
2017,gb,Liberia,0,0.000762624896733412
2017,gb,Sri Lanka,0,0.013268486563521524
2017,gb,Lesotho,0,0.005581021413520976
2017,gb,Luxembourg,0,0.0006355334371554437
2017,gb,Mexico,0,0.0015584793296842215
2017,gb,Mali,1,0.13451645644633636
2017,gb,Mongolia,0,0.0052307401829861265
2017,gb,Malawi,0,0.007354950230437382
2017,gb,Namibia,0,0.01221201755770646
2017,gb,Nigeria,1,0.005988861556310142
2017,gb,Norway,0,0.0003856974476819798
2017,gb,Nepal,0,0.040005778503067115
2017,gb,Portugal,0,0.0013942325395975975
2017,gb,Paraguay,0,0.00791616022877004
2017,gb,Romania,0,0.0036790407606264444
2017,gb,Senegal,0,0.002830068832074995
2017,gb,Sierra Leone,0,0.004162874698127616
2017,gb,Sweden,0,0.0010385711572593432
2017,gb,Trinidad and Tobago,0,0.0007942986831089606
2017,gb,Tunisia,1,0.0009525583640793782
2017,gb,United States of America,0,0.003265549339315015
2017,gb,South Africa,0,0.004328878586797686
2017,rf,Albania,0,0.19952206724397625
2017,rf,Argentina,0,0.03115341036887089
2017,rf,Australia,0,0.04402124545990645
2017,rf,Belgium,0,0.024690576777290776
2017,rf,Benin,1,0.11927774684226174
2017,rf,Burkina Faso,1,0.1318720759381199
2017,rf,Bulgaria,0,0.08255609116302849
2017,rf,Bolivia,1,0.29278123263420075
2017,rf,Brazil,1,0.1919909423334177
2017,rf,Bhutan,0,0.15495870248546412
2017,rf,Botswana,1,0.05362505240624935
2017,rf,Canada,0,0.040082862098808895
2017,rf,Chile,0,0.03989572927072927
2017,rf,Ivory Coast,1,0.20924569134939222
2017,rf,Colombia,0,0.1970429159658779
2017,rf,Costa Rica,0,0.04752418056853542
2017,rf,Cyprus,0,0.02807680491551459
2017,rf,Germany,0,0.048165452602952616
2017,rf,Denmark,0,0.020080651875006718
2017,rf,Ecuador,0,0.21333521285829118
2017,rf,Spain,0,0.08012225392902891
2017,rf,Finland,0,0.02632864550015551
2017,rf,France,0,0.07188909320465717
2017,rf,United Kingdom,0,0.05490245518370518
2017,rf,Ghana,0,0.04250873100329621
2017,rf,Greece,1,0.20708477939554013
2017,rf,Guyana,1,0.163507510733392
2017,rf,Indonesia,0,0.34532810163538885
2017,rf,Israel,0,0.11878388792461467
2017,rf,Italy,0,0.056408295508839
2017,rf,Jamaica,0,0.036456470612720615
2017,rf,Japan,0,0.047242989649239654
2017,rf,South Korea,0,0.1942997649993233
2017,rf,Liberia,0,0.1423657987956615
2017,rf,Sri Lanka,0,0.21858679988638308
2017,rf,Lesotho,0,0.16519838313019594
2017,rf,Luxembourg,0,0.014771248196248194
2017,rf,Mexico,0,0.1264988963404162
2017,rf,Mali,1,0.1956912119030169
2017,rf,Mongolia,0,0.08346273402523403
2017,rf,Malawi,0,0.15964961489963422
2017,rf,Namibia,0,0.24976241324040452
2017,rf,Nigeria,1,0.23365195070923453
2017,rf,Norway,0,0.04689797320279799
2017,rf,Nepal,0,0.3149583615952617
2017,rf,Portugal,0,0.08385020787881864
2017,rf,Paraguay,0,0.22972145429532767
2017,rf,Romania,0,0.06297121137778108
2017,rf,Senegal,0,0.17027585495049724
2017,rf,Sierra Leone,0,0.0954680188234376
2017,rf,Sweden,0,0.06322973079398396
2017,rf,Trinidad and Tobago,0,0.025438492063492066
2017,rf,Tunisia,1,0.2027355840653431
2017,rf,United States of America,0,0.10967332824327791
2017,rf,South Africa,0,0.2007586597216543
2017,lr,Albania,0,0.7555258562165375
2017,lr,Argentina,0,0.04359930898388551
2017,lr,Australia,0,0.027079987784458522
2017,lr,Belgium,0,0.05208888076529831
2017,lr,Benin,1,0.7227287874710816
2017,lr,Burkina Faso,1,0.6840466963485874
2017,lr,Bulgaria,0,0.15497213122325978
2017,lr,Bolivia,1,0.45332130245294744
2017,lr,Brazil,1,0.03617416774000677
2017,lr,Bhutan,0,0.5248840382348494
2017,lr,Botswana,1,0.08670600077804134
2017,lr,Canada,0,0.02191710290776394
2017,lr,Chile,0,0.4306526664256347
2017,lr,Ivory Coast,1,0.3435621071457335
2017,lr,Colombia,0,0.19844597298895048
2017,lr,Costa Rica,0,0.010465860002728783
2017,lr,Cyprus,0,0.01077592826075644
2017,lr,Germany,0,0.0388332430210634
2017,lr,Denmark,0,0.06878651108889987
2017,lr,Ecuador,0,0.965922953256568
2017,lr,Spain,0,0.06505912708666775
2017,lr,Finland,0,0.20951907819148863
2017,lr,France,0,0.39160422882797263
2017,lr,United Kingdom,0,0.29837812210744047
2017,lr,Ghana,0,0.7507278972311747
2017,lr,Greece,1,0.8633524294644352
2017,lr,Guyana,1,0.7402891828247447
2017,lr,Indonesia,0,0.9269917901770716
2017,lr,Israel,0,0.8815773653252363
2017,lr,Italy,0,0.04983225587273776
2017,lr,Jamaica,0,0.15904154454949476
2017,lr,Japan,0,0.7514570672171332
2017,lr,South Korea,0,0.0996843453513232
2017,lr,Liberia,0,0.26553778880779955
2017,lr,Sri Lanka,0,0.9156620935470762
2017,lr,Lesotho,0,0.9539837912909725
2017,lr,Luxembourg,0,0.0004841022927096731
2017,lr,Mexico,0,0.22015630048869697
2017,lr,Mali,1,0.970078445390214
2017,lr,Mongolia,0,0.335603633180642
2017,lr,Malawi,0,0.16319761735764898
2017,lr,Namibia,0,0.16303223886707194
2017,lr,Nigeria,1,0.13142690613709498
2017,lr,Norway,0,0.01657100657182643
2017,lr,Nepal,0,0.9954546213051687
2017,lr,Portugal,0,0.059828209052604664
2017,lr,Paraguay,0,0.3283197256059415
2017,lr,Romania,0,0.05952969191879206
2017,lr,Senegal,0,0.40064456432344064
2017,lr,Sierra Leone,0,0.08391488332636743
2017,lr,Sweden,0,0.0630183931563521
2017,lr,Trinidad and Tobago,0,0.2270676383212144
2017,lr,Tunisia,1,0.5650076725366229
2017,lr,United States of America,0,0.6633035654491793
2017,lr,South Africa,0,0.6704624532573256
2018,gb,Albania,0,0.009540054167253877
2018,gb,Argentina,0,0.0007628837620863052
2018,gb,Australia,0,0.0009295391134455329
2018,gb,Belgium,0,0.006220679963496438
2018,gb,Benin,1,0.0016991722896916965
2018,gb,Burkina Faso,1,0.005044782734528497
2018,gb,Bulgaria,0,0.002130034449700618
2018,gb,Bolivia,1,0.14454354852192405
2018,gb,Brazil,1,0.040874991550774877
2018,gb,Bhutan,0,0.015322595431196438
2018,gb,Botswana,1,0.0024451682615635405
2018,gb,Canada,0,0.00033564615035677536
2018,gb,Chile,0,0.006875089580584445
2018,gb,Ivory Coast,1,0.06233257672758396
2018,gb,Colombia,0,0.009494691338434346
2018,gb,Costa Rica,0,0.007551938876411502
2018,gb,Cyprus,0,0.0015859132027243805
2018,gb,Germany,0,0.0006777913041602759
2018,gb,Denmark,0,0.000811164415962653
2018,gb,Ecuador,0,0.059911938881019436
2018,gb,Spain,0,0.000757114623346417
2018,gb,Finland,0,0.02308007943797377
2018,gb,France,0,0.011767962063593776
2018,gb,United Kingdom,0,0.0017816425468122992
2018,gb,Ghana,0,0.0007850763209980138
2018,gb,The Gambia,0,0.002271637958924021
2018,gb,Greece,1,0.014649040195282119
2018,gb,Guyana,1,0.08785763497278443
2018,gb,Indonesia,0,0.003180391444054872
2018,gb,Israel,0,0.006540963122562709
2018,gb,Italy,0,0.0021893463747148603
2018,gb,Jamaica,0,0.0029214748651330024
2018,gb,Japan,0,0.0007307916284680397
2018,gb,South Korea,0,0.07944603369638287
2018,gb,Liberia,0,0.004156018542208605
2018,gb,Sri Lanka,0,0.009895186204382242
2018,gb,Lesotho,0,0.0014420872992279067
2018,gb,Luxembourg,0,0.0014189198439521467
2018,gb,Mexico,0,0.0066247352659525
2018,gb,Mongolia,0,0.002566405323139716
2018,gb,Malawi,0,0.0019960726687773245
2018,gb,Namibia,0,0.0034177406336392616
2018,gb,Nigeria,1,0.0014204915512552698
2018,gb,Norway,0,0.0010222938617079123
2018,gb,Nepal,0,0.01652627815180663
2018,gb,New Zealand,0,0.000508899734764965
2018,gb,Portugal,0,0.001648780197164492
2018,gb,Paraguay,0,0.015429130497899235
2018,gb,Romania,0,0.0034197574241003072
2018,gb,Senegal,0,0.00328381866981309
2018,gb,Sierra Leone,0,0.00641860897447352
2018,gb,Sweden,0,0.0022385696415742878
2018,gb,Seychelles,0,0.006346601307894668
2018,gb,Trinidad and Tobago,0,0.0016932640359343227
2018,gb,Tunisia,1,0.002247835945452607
2018,gb,United States of America,0,0.008009393452464068
2018,gb,South Africa,0,0.0008278085097905506
2018,rf,Albania,0,0.20131466525080394
2018,rf,Argentina,0,0.030041540975364506
2018,rf,Australia,0,0.024018308080808074
2018,rf,Belgium,0,0.04499276345631116
2018,rf,Benin,1,0.10225478035036857
2018,rf,Burkina Faso,1,0.11869997380034349
2018,rf,Bulgaria,0,0.07514650719507532
2018,rf,Bolivia,1,0.22767926973914565
2018,rf,Brazil,1,0.22202351935829565
2018,rf,Bhutan,0,0.13991427562128364
2018,rf,Botswana,1,0.06388735194375929
2018,rf,Canada,0,0.03314772727272727
2018,rf,Chile,0,0.07044955463245904
2018,rf,Ivory Coast,1,0.15807090995427406
2018,rf,Colombia,0,0.12937874526297075
2018,rf,Costa Rica,0,0.07158429372162925
2018,rf,Cyprus,0,0.04253525970335433
2018,rf,Germany,0,0.043412432387171476
2018,rf,Denmark,0,0.01231686046511628
2018,rf,Ecuador,0,0.17020995742804398
2018,rf,Spain,0,0.035654445227974646
2018,rf,Finland,0,0.03330104849930432
2018,rf,France,0,0.06402913419254161
2018,rf,United Kingdom,0,0.03420154151404151
2018,rf,Ghana,0,0.024123015873015873
2018,rf,The Gambia,0,0.09872107745859912
2018,rf,Greece,1,0.13659137776467295
2018,rf,Guyana,1,0.12725819467116245
2018,rf,Indonesia,0,0.23120788092450703
2018,rf,Israel,0,0.10730277751677708
2018,rf,Italy,0,0.0543736291947609
2018,rf,Jamaica,0,0.0107828366873065
2018,rf,Japan,0,0.055177408340451824
2018,rf,South Korea,0,0.1608063797692572
2018,rf,Liberia,0,0.1377847169991726
2018,rf,Sri Lanka,0,0.19332605276460213
2018,rf,Lesotho,0,0.17047067750804118
2018,rf,Luxembourg,0,0.013726495726495726
2018,rf,Mexico,0,0.22883736876922364
2018,rf,Mongolia,0,0.07851228044830987
2018,rf,Malawi,0,0.14262523261052673
2018,rf,Namibia,0,0.23259599144508367
2018,rf,Nigeria,1,0.18515688227104263
2018,rf,Norway,0,0.025639013764013764
2018,rf,Nepal,0,0.2934440841705363
2018,rf,New Zealand,0,0.018514529588059003
2018,rf,Portugal,0,0.04013900162337663
2018,rf,Paraguay,0,0.22795065881212692
2018,rf,Romania,0,0.0810125504610268
2018,rf,Senegal,0,0.2501366479850253
2018,rf,Sierra Leone,0,0.09246377387447433
2018,rf,Sweden,0,0.028632619525082764
2018,rf,Seychelles,0,0.11292118003087681
2018,rf,Trinidad and Tobago,0,0.048293192005363056
2018,rf,Tunisia,1,0.15624380985245967
2018,rf,United States of America,0,0.13564791773822846
2018,rf,South Africa,0,0.10864234850210588
2018,lr,Albania,0,0.4212418571668618
2018,lr,Argentina,0,0.01505914953742966
2018,lr,Australia,0,0.062385804251011576
2018,lr,Belgium,0,0.04960047754967308
2018,lr,Benin,1,0.437141102499705
2018,lr,Burkina Faso,1,0.3952517123817444
2018,lr,Bulgaria,0,0.08340861810166783
2018,lr,Bolivia,1,0.7674035007653776
2018,lr,Brazil,1,0.003976945092534607
2018,lr,Bhutan,0,0.056735502666270615
2018,lr,Botswana,1,0.049244606414626045
2018,lr,Canada,0,0.00046117422439469923
2018,lr,Chile,0,0.4915189056732003
2018,lr,Ivory Coast,1,0.22283127796980817
2018,lr,Colombia,0,0.1663102000192079
2018,lr,Costa Rica,0,0.24164134608141805
2018,lr,Cyprus,0,0.07548456533510815
2018,lr,Germany,0,0.0025060139330045053
2018,lr,Denmark,0,0.023403250831929807
2018,lr,Ecuador,0,0.5581399293770507
2018,lr,Spain,0,0.2583935048378641
2018,lr,Finland,0,0.055180816175951525
2018,lr,France,0,0.17522705713911196
2018,lr,United Kingdom,0,0.40400393767452647
2018,lr,Ghana,0,0.7404009722263037
2018,lr,The Gambia,0,0.4974973312809736
2018,lr,Greece,1,0.4508807345841839
2018,lr,Guyana,1,0.5581284788951442
2018,lr,Indonesia,0,0.9108929705435819
2018,lr,Israel,0,0.8184466885646872
2018,lr,Italy,0,0.018401093276241853
2018,lr,Jamaica,0,0.25822348363038444
2018,lr,Japan,0,0.3177291430763551
2018,lr,South Korea,0,0.39182119995389936
2018,lr,Liberia,0,0.5458120328314429
2018,lr,Sri Lanka,0,0.467265507489204
2018,lr,Lesotho,0,0.8379849157868202
2018,lr,Luxembourg,0,0.0002210745303735973
2018,lr,Mexico,0,0.9621877051117528
2018,lr,Mongolia,0,0.31867208076456977
2018,lr,Malawi,0,0.051196336243051734
2018,lr,Namibia,0,0.38578754527632847
2018,lr,Nigeria,1,0.08126229784316961
2018,lr,Norway,0,0.014928114339522614
2018,lr,Nepal,0,0.7610169956764046
2018,lr,New Zealand,0,0.126252317927069
2018,lr,Portugal,0,0.006774028724967345
2018,lr,Paraguay,0,0.35072256758938813
2018,lr,Romania,0,0.15397711759890956
2018,lr,Senegal,0,0.4871599528225524
2018,lr,Sierra Leone,0,0.017963320731220953
2018,lr,Sweden,0,0.04370240639234029
2018,lr,Seychelles,0,0.19872698520747564
2018,lr,Trinidad and Tobago,0,0.07817537879685661
2018,lr,Tunisia,1,0.06524563526167977
2018,lr,United States of America,0,0.8919519419220345
2018,lr,South Africa,0,0.41999897714947065
2019,gb,Albania,0,0.006305666637060088
2019,gb,Argentina,0,0.012995059221286286
2019,gb,Armenia,0,0.011538416379225572
2019,gb,Australia,0,0.008857065430774125
2019,gb,Belgium,0,0.011301862475115864
2019,gb,Burkina Faso,1,0.02743957220956509
2019,gb,Bulgaria,0,0.00469370483181961
2019,gb,Bhutan,0,0.010381577964679404
2019,gb,Botswana,1,0.007601375673532813
2019,gb,Canada,0,0.0007428757749316089
2019,gb,Chile,0,0.002808145233788249
2019,gb,Ivory Coast,1,0.009211087753565462
2019,gb,Colombia,0,0.011162310745874733
2019,gb,Costa Rica,0,0.011022528332024412
2019,gb,Cyprus,0,0.008644533588543554
2019,gb,Germany,0,0.0019418406986078665
2019,gb,Denmark,0,0.007318403647673395
2019,gb,Ecuador,0,0.06206285107516026
2019,gb,Spain,0,0.01638090118723823
2019,gb,Finland,0,0.006444204324874494
2019,gb,France,0,0.009971692179308786
2019,gb,United Kingdom,0,0.004592762998099823
2019,gb,Georgia,1,0.04714711672506319
2019,gb,Ghana,0,0.002916676515843253
2019,gb,The Gambia,0,0.0009301916585655088
2019,gb,Greece,1,0.005075316613846824
2019,gb,Guyana,1,0.09503383432461648
2019,gb,Indonesia,1,0.01765470350424167
2019,gb,Israel,0,0.01211985981752003
2019,gb,Italy,0,0.0032361943890095155
2019,gb,Jamaica,0,0.003803096841128269
2019,gb,Japan,0,0.006018853377809654
2019,gb,South Korea,1,0.01649421262735324
2019,gb,Liberia,0,0.04840112298882564
2019,gb,Sri Lanka,0,0.06567808787370957
2019,gb,Lesotho,0,0.03016039862503822
2019,gb,Lithuania,0,0.0009212342293852438
2019,gb,Luxembourg,0,0.0017384524252146132
2019,gb,Latvia,0,0.0005624040069612738
2019,gb,Moldova,0,0.0023226977719532516
2019,gb,Mexico,1,0.02385197045730996
2019,gb,Mongolia,1,0.002877783244645325
2019,gb,Namibia,0,0.005100133325473156
2019,gb,Nigeria,1,0.014702748369178632
2019,gb,Norway,0,0.0032601577669839846
2019,gb,Nepal,0,0.05064275556074364
2019,gb,New Zealand,0,0.0039573817499053195
2019,gb,Portugal,0,0.001337375337098418
2019,gb,Paraguay,0,0.007262124792090102
2019,gb,Romania,0,0.002636019949673656
2019,gb,Senegal,0,0.053140867404140965
2019,gb,Sierra Leone,0,0.013276958232781015
2019,gb,Sweden,0,0.0009158359078029547
2019,gb,Seychelles,0,0.010191887015321375
2019,gb,Trinidad and Tobago,0,0.0028988385930798686
2019,gb,Tunisia,1,0.0031711429756383098
2019,gb,Ukraine,0,0.18068347574145927
2019,gb,United States of America,0,0.07060975840102744
2019,gb,South Africa,0,0.0014615159752985952
2019,rf,Albania,0,0.12232275736174733
2019,rf,Argentina,0,0.05135860380041415
2019,rf,Armenia,0,0.204127593055286
2019,rf,Australia,0,0.03038906926406926
2019,rf,Belgium,0,0.07833666525817527
2019,rf,Burkina Faso,1,0.14975783215599725
2019,rf,Bulgaria,0,0.11140741423394289
2019,rf,Bhutan,0,0.11363206486654713
2019,rf,Botswana,1,0.08485969104424987
2019,rf,Canada,0,0.01954302641802642
2019,rf,Chile,0,0.10303720377377668
2019,rf,Ivory Coast,1,0.1781123339561373
2019,rf,Colombia,0,0.1517668420223567
2019,rf,Costa Rica,0,0.07143677005716648
2019,rf,Cyprus,0,0.039317791066269765
2019,rf,Germany,0,0.04750792182063636
2019,rf,Denmark,0,0.042395886515926115
2019,rf,Ecuador,0,0.18168986399976647
2019,rf,Spain,0,0.07599834842977427
2019,rf,Finland,0,0.03763165340626977
2019,rf,France,0,0.039124254590606894
2019,rf,United Kingdom,0,0.07138815767565768
2019,rf,Georgia,1,0.12548539488005597
2019,rf,Ghana,0,0.06373761649570472
2019,rf,The Gambia,0,0.09453203259159143
2019,rf,Greece,1,0.09694995915032684
2019,rf,Guyana,1,0.1361147334777366
2019,rf,Indonesia,1,0.18498937939937055
2019,rf,Israel,0,0.14492458569869723
2019,rf,Italy,0,0.09166340762780392
2019,rf,Jamaica,0,0.05391321872571873
2019,rf,Japan,0,0.05675838649072345
2019,rf,South Korea,1,0.14990188797986784
2019,rf,Liberia,0,0.08392210953487578
2019,rf,Sri Lanka,0,0.38898808577734884
2019,rf,Lesotho,0,0.1885561434254562
2019,rf,Lithuania,0,0.01515259462759463
2019,rf,Luxembourg,0,0.0167507645545403
2019,rf,Latvia,0,0.026834723283252697
2019,rf,Moldova,0,0.10001771817363923
2019,rf,Mexico,1,0.24491817252449988
2019,rf,Mongolia,1,0.06629175894083182
2019,rf,Namibia,0,0.3025405500453222
2019,rf,Nigeria,1,0.21186222576628502
2019,rf,Norway,0,0.03371758464964987
2019,rf,Nepal,0,0.3017060506411802
2019,rf,New Zealand,0,0.024511266170476692
2019,rf,Portugal,0,0.036812340437340434
2019,rf,Paraguay,0,0.19127593037337617
2019,rf,Romania,0,0.046482818351239394
2019,rf,Senegal,0,0.16624107729533594
2019,rf,Sierra Leone,0,0.08333920721091774
2019,rf,Sweden,0,0.010312865497076022
2019,rf,Seychelles,0,0.09587424187869234
2019,rf,Trinidad and Tobago,0,0.029782320021309955
2019,rf,Tunisia,1,0.1148952061547843
2019,rf,Ukraine,0,0.392598816324322
2019,rf,United States of America,0,0.28177460208565075
2019,rf,South Africa,0,0.09888609443388856
2019,lr,Albania,0,0.5908452608066624
2019,lr,Argentina,0,0.19318780358405713
2019,lr,Armenia,0,0.6971855884487824
2019,lr,Australia,0,0.2524926137793843
2019,lr,Belgium,0,0.3715348751794112
2019,lr,Burkina Faso,1,0.6655738905477632
2019,lr,Bulgaria,0,0.09663869230103628
2019,lr,Bhutan,0,0.0715093574838489
2019,lr,Botswana,1,0.17134447845093778
2019,lr,Canada,0,0.179836390360119
2019,lr,Chile,0,0.9563193960213578
2019,lr,Ivory Coast,1,0.7258371650726794
2019,lr,Colombia,0,0.6479580383508173
2019,lr,Costa Rica,0,0.03872399052561911
2019,lr,Cyprus,0,0.011405606524535497
2019,lr,Germany,0,0.28007691363592796
2019,lr,Denmark,0,0.06353626946296317
2019,lr,Ecuador,0,0.7357365792501579
2019,lr,Spain,0,0.9097827662202618
2019,lr,Finland,0,0.3786605698463031
2019,lr,France,0,0.6229113640311312
2019,lr,United Kingdom,0,0.5962851183684401
2019,lr,Georgia,1,0.2612370188419795
2019,lr,Ghana,0,0.9451179777200917
2019,lr,The Gambia,0,0.8930051694227265
2019,lr,Greece,1,0.06427221232174904
2019,lr,Guyana,1,0.7392558447248345
2019,lr,Indonesia,1,0.9366856898211096
2019,lr,Israel,0,0.7903531950207907
2019,lr,Italy,0,0.1927759221744852
2019,lr,Jamaica,0,0.4152272184825825
2019,lr,Japan,0,0.9271409922727246
2019,lr,South Korea,1,0.7499908050463948
2019,lr,Liberia,0,0.5805573388902606
2019,lr,Sri Lanka,0,0.807122338679335
2019,lr,Lesotho,0,0.922890664392455
2019,lr,Lithuania,0,0.009554451035245047
2019,lr,Luxembourg,0,7.625884071463044e-05
2019,lr,Latvia,0,0.0013480422772407712
2019,lr,Moldova,0,0.7827222558609251
2019,lr,Mexico,1,0.9912795684002733
2019,lr,Mongolia,1,0.7973006503652809
2019,lr,Namibia,0,0.9376656581696696
2019,lr,Nigeria,1,0.5014286101685864
2019,lr,Norway,0,0.3046230637871107
2019,lr,Nepal,0,0.943836160256188
2019,lr,New Zealand,0,0.5152011374157586
2019,lr,Portugal,0,0.037381423597591085
2019,lr,Paraguay,0,0.5347725662411936
2019,lr,Romania,0,0.02551775427469936
2019,lr,Senegal,0,0.9044322042948837
2019,lr,Sierra Leone,0,0.39461111771369833
2019,lr,Sweden,0,0.03400327455174578
2019,lr,Seychelles,0,0.3717447154131027
2019,lr,Trinidad and Tobago,0,0.19275592180451578
2019,lr,Tunisia,1,0.1496166481281918
2019,lr,Ukraine,0,0.9253243959766706
2019,lr,United States of America,0,0.9883908117168083
2019,lr,South Africa,0,0.728882419474355
2020,gb,Albania,0,0.008977890844242888
2020,gb,Argentina,0,0.02369104082075775
2020,gb,Armenia,0,0.024702991431478163
2020,gb,Australia,0,0.01110833485237589
2020,gb,Belgium,0,0.0298901534632179
2020,gb,Burkina Faso,1,0.03779291165242632
2020,gb,Bulgaria,0,0.018716211984384282
2020,gb,Bhutan,0,0.012317591422119717
2020,gb,Botswana,1,0.020568028784439158
2020,gb,Canada,0,0.006981332483201799
2020,gb,Chile,0,0.02442153539269674
2020,gb,Colombia,0,0.30824902772925833
2020,gb,Costa Rica,0,0.016146236204886543
2020,gb,Cyprus,0,0.02065635619483773
2020,gb,Germany,0,0.013281711212440369
2020,gb,Denmark,0,0.01117391362230648
2020,gb,Ecuador,0,0.053405020575837674
2020,gb,Spain,0,0.012348205462260758
2020,gb,Finland,0,0.002885984418049924
2020,gb,France,0,0.0103562213647461
2020,gb,United Kingdom,0,0.006650820245198302
2020,gb,Georgia,1,0.06383089023967924
2020,gb,Ghana,0,0.0019950528825041303
2020,gb,Guyana,1,0.08952546054613598
2020,gb,Croatia,0,0.010651004005095808
2020,gb,Indonesia,1,0.013251772104586251
2020,gb,Israel,0,0.007287290838878681
2020,gb,Italy,0,0.02764175158896719
2020,gb,Jamaica,0,0.0094829615700262
2020,gb,Japan,0,0.010750860366730548
2020,gb,South Korea,1,0.02009708662898238
2020,gb,Liberia,0,0.019863064435884606
2020,gb,Sri Lanka,0,0.4701277672979277
2020,gb,Lesotho,0,0.06255461997714373
2020,gb,Lithuania,0,0.0013138351161206155
2020,gb,Luxembourg,0,0.004172295444408072
2020,gb,Latvia,0,0.03344831675072965
2020,gb,Moldova,0,0.04879247199272975
2020,gb,Mexico,1,0.040686946818714986
2020,gb,North Macedonia,0,0.4316813580620574
2020,gb,Mongolia,1,0.007216832456650992
2020,gb,Malawi,0,0.005058041066957301
2020,gb,Namibia,0,0.010331775954754353
2020,gb,Nigeria,1,0.024190162886926613
2020,gb,Norway,0,0.05135852439712157
2020,gb,Nepal,0,0.020696048361070883
2020,gb,New Zealand,0,0.0017126135216333587
2020,gb,Portugal,0,0.0025196478324828004
2020,gb,Paraguay,0,0.005459573922865609
2020,gb,Romania,0,0.006110419885306231
2020,gb,Senegal,0,0.07400178832594496
2020,gb,Sierra Leone,0,0.031587322228723
2020,gb,Sweden,0,0.001357756062116149
2020,gb,Seychelles,0,0.007073137159237904
2020,gb,Trinidad and Tobago,0,0.0016155986127489353
2020,gb,Tunisia,1,0.011806080451166946
2020,gb,Ukraine,0,0.27148304466478024
2020,gb,United States of America,0,0.14208040055900295
2020,gb,South Africa,0,0.008758360941767549
2020,rf,Albania,0,0.1442326888737079
2020,rf,Argentina,0,0.10728069033584163
2020,rf,Armenia,0,0.2570320486104952
2020,rf,Australia,0,0.05329709723755777
2020,rf,Belgium,0,0.11101830741887023
2020,rf,Burkina Faso,1,0.21701903949098633
2020,rf,Bulgaria,0,0.17157825822156486
2020,rf,Bhutan,0,0.09933147414100647
2020,rf,Botswana,1,0.09136378593129922
2020,rf,Canada,0,0.18570618273778064
2020,rf,Chile,0,0.2760919602561267
2020,rf,Colombia,0,0.2963949628609263
2020,rf,Costa Rica,0,0.09288856040644784
2020,rf,Cyprus,0,0.08893980916958859
2020,rf,Germany,0,0.11588595313999725
2020,rf,Denmark,0,0.06807419140875023
2020,rf,Ecuador,0,0.12125851650392087
2020,rf,Spain,0,0.09923378630731573
2020,rf,Finland,0,0.03659344237356571
2020,rf,France,0,0.13190544718785818
2020,rf,United Kingdom,0,0.10388547713569166
2020,rf,Georgia,1,0.195633561891409
2020,rf,Ghana,0,0.07599723207443358
2020,rf,Guyana,1,0.3103865378802306
2020,rf,Croatia,0,0.1664258917327045
2020,rf,Indonesia,1,0.24838361887930713
2020,rf,Israel,0,0.124251528123878
2020,rf,Italy,0,0.09828336528714106
2020,rf,Jamaica,0,0.04676736966322964
2020,rf,Japan,0,0.08464555448195155
2020,rf,South Korea,1,0.14364275389643036
2020,rf,Liberia,0,0.14215710081901764
2020,rf,Sri Lanka,0,0.3882834753694518
2020,rf,Lesotho,0,0.17443352751479682
2020,rf,Lithuania,0,0.044752493828463004
2020,rf,Luxembourg,0,0.03735518803939857
2020,rf,Latvia,0,0.13283118330424368
2020,rf,Moldova,0,0.35796401896812446
2020,rf,Mexico,1,0.23958707511099145
2020,rf,North Macedonia,0,0.33791735794145417
2020,rf,Mongolia,1,0.0964133996805613
2020,rf,Malawi,0,0.12384298913789825
2020,rf,Namibia,0,0.2295088369159021
2020,rf,Nigeria,1,0.19495868417123238
2020,rf,Norway,0,0.06511398664703702
2020,rf,Nepal,0,0.24019589077493822
2020,rf,New Zealand,0,0.03336194101402727
2020,rf,Portugal,0,0.03472521254545248
2020,rf,Paraguay,0,0.1312972577495604
2020,rf,Romania,0,0.04189926393051393
2020,rf,Senegal,0,0.3504263173133159
2020,rf,Sierra Leone,0,0.12134858857540308
2020,rf,Sweden,0,0.013022727272727273
2020,rf,Seychelles,0,0.07454114808802309
2020,rf,Trinidad and Tobago,0,0.031826639845661586
2020,rf,Tunisia,1,0.17633319412234388
2020,rf,Ukraine,0,0.33874758071505057
2020,rf,United States of America,0,0.3027195477665592
2020,rf,South Africa,0,0.16302999358980633
2020,lr,Albania,0,0.6734790702164086
2020,lr,Argentina,0,0.598087500296089
2020,lr,Armenia,0,0.6526291285925238
2020,lr,Australia,0,0.13635081523824039
2020,lr,Belgium,0,0.13172218259917556
2020,lr,Burkina Faso,1,0.27995085721249835
2020,lr,Bulgaria,0,0.4658934215765585
2020,lr,Bhutan,0,0.028008017420572524
2020,lr,Botswana,1,0.45179327781969414
2020,lr,Canada,0,0.4580470743446422
2020,lr,Chile,0,0.9604456920912974
2020,lr,Colombia,0,0.9920490347930163
2020,lr,Costa Rica,0,0.23490746641445748
2020,lr,Cyprus,0,0.0860635951453352
2020,lr,Germany,0,0.2233292795040738
2020,lr,Denmark,0,0.1681066292906312
2020,lr,Ecuador,0,0.32607020162615563
2020,lr,Spain,0,0.7090526234241346
2020,lr,Finland,0,0.21708150872430668
2020,lr,France,0,0.5885224574926411
2020,lr,United Kingdom,0,0.44653004832224086
2020,lr,Georgia,1,0.45733962799037325
2020,lr,Ghana,0,0.46025438887232706
2020,lr,Guyana,1,0.9198892253316187
2020,lr,Croatia,0,0.6894065331872437
2020,lr,Indonesia,1,0.8830563452937708
2020,lr,Israel,0,0.27833207052804065
2020,lr,Italy,0,0.40146250387610355
2020,lr,Jamaica,0,0.08086334040317453
2020,lr,Japan,0,0.8745877326366741
2020,lr,South Korea,1,0.1185548518983558
2020,lr,Liberia,0,0.5575965349276276
2020,lr,Sri Lanka,0,0.8693762942559555
2020,lr,Lesotho,0,0.8915213339748774
2020,lr,Lithuania,0,0.011685024557747906
2020,lr,Luxembourg,0,0.05787704979870825
2020,lr,Latvia,0,0.12686293192541623
2020,lr,Moldova,0,0.7106444868193513
2020,lr,Mexico,1,0.37390358202777696
2020,lr,North Macedonia,0,0.9757371961987175
2020,lr,Mongolia,1,0.6986595667396653
2020,lr,Malawi,0,0.2992695561000479
2020,lr,Namibia,0,0.9698368295277515
2020,lr,Nigeria,1,0.4053454621579705
2020,lr,Norway,0,0.35225894217800224
2020,lr,Nepal,0,0.8421019738107125
2020,lr,New Zealand,0,0.10149437849299221
2020,lr,Portugal,0,0.09000097688730985
2020,lr,Paraguay,0,0.39836849384726364
2020,lr,Romania,0,0.005553062845255745
2020,lr,Senegal,0,0.9469451785597406
2020,lr,Sierra Leone,0,0.3049870162468587
2020,lr,Sweden,0,0.1117149915631471
2020,lr,Seychelles,0,0.04223797449070189
2020,lr,Trinidad and Tobago,0,0.009129878126785848
2020,lr,Tunisia,1,0.20761421561466628
2020,lr,Ukraine,0,0.9446465122466748
2020,lr,United States of America,0,0.9977227177346976
2020,lr,South Africa,0,0.6001492408525051
